{"type":"FeatureCollection","features":[{"type":"Feature","geometry":{"type":"Polygon","coordinates":[[[37.41457,-0.394318],[37.307785,-0.151074],[37.13541,-0.041344],[37.130466,-0.036871],[37.123703,-0.054468],[37.112095,-0.038196],[37.099873,-0.0279],[37.091766,-0.01746],[37.087475,-0.016506],[37.07653,-0.002687],[37.076244,-0.0009],[37.079384,0.002722],[37.076862,0.009813],[37.071144,0.0009],[37.063229,0.001883],[37.051502,-0.00994],[37.049656,-0.01505],[37.026318,-0.044436],[37.024357,-0.049103],[36.99646,-0.06496],[36.987862,-0.066518],[36.984558,-0.069726],[36.977909,-0.070072],[36.976555,-0.071934],[36.978046,-0.076097],[36.976521,-0.079854],[36.980618,-0.098573],[36.983601,-0.134985],[36.993824,-0.145701],[36.999321,-0.147148],[37.002365,-0.149934],[37.006706,-0.150287],[37.004429,-0.176792],[37.016804,-0.180796],[37.007027,-0.221204],[37.007423,-0.225359],[37.011604,-0.231802],[37.008907,-0.235031],[37.007908,-0.240427],[37.002178,-0.245233],[37.001167,-0.248763],[36.988132,-0.255677],[36.9958,-0.271313],[36.985413,-0.296194],[36.961216,-0.284725],[36.877781,-0.260293],[36.868839,-0.249043],[36.854736,-0.254302],[36.841,-0.216029],[36.841488,-0.207687],[36.837585,-0.197745],[36.843426,-0.19653],[36.850105,-0.197631],[36.855717,-0.19028],[36.862129,-0.188222],[36.864399,-0.181793],[36.868965,-0.179999],[36.869118,-0.177765],[36.867756,-0.172303],[36.864613,-0.168792],[36.862507,-0.159797],[36.856594,-0.154936],[36.857021,-0.150141],[36.860157,-0.146063],[36.859566,-0.143487],[36.852867,-0.143042],[36.843651,-0.137383],[36.829006,-0.135691],[36.829063,-0.103601],[36.790672,-0.106752],[36.764942,-0.114745],[36.763191,-0.109319],[36.752186,-0.120836],[36.715935,-0.129565],[36.7108,-0.136741],[36.653797,-0.154186],[36.632908,-0.108736],[36.596443,-0.104068],[36.573166,-0.105176],[36.568668,-0.103662],[36.559345,-0.092866],[36.552158,-0.091465],[36.557411,-0.08073],[36.544579,-0.068374],[36.549339,-0.065633],[36.549526,-0.062125],[36.552658,-0.059987],[36.553165,-0.05558],[36.556957,-0.052425],[36.558895,-0.044855],[36.573654,-0.033902],[36.578491,-0.026865],[36.579758,-0.022277],[36.582649,-0.020893],[36.586582,-0.022132],[36.589539,-0.020834],[36.649494,-0.016922],[36.63464,0.016176],[36.632385,0.013848],[36.607056,0.003323],[36.59919,0.003372],[36.589104,0.027822],[36.588245,0.044062],[36.573845,0.070777],[36.521347,0.048695],[36.510445,0.085129],[36.462452,0.140295],[36.441078,0.091524],[36.423126,0.085417],[36.40073,0.059643],[36.41275,0.051205],[36.423939,0.045989],[36.413509,0.039614],[36.398884,0.040104],[36.39933,0.032882],[36.39249,0.030502],[36.385376,0.037251],[36.384796,0.031678],[36.381989,0.035601],[36.375702,0.037251],[36.363441,0.04853],[36.354393,0.068637],[36.348774,0.070509],[36.336426,0.062841],[36.345608,0.031009],[36.329739,0.028557],[36.330627,0.02294],[36.302544,0.016119],[36.298576,0.005241],[36.293518,0.004763],[36.29269,0.011928],[36.271255,-0.001097],[36.267273,-0.021581],[36.255486,-0.021959],[36.250736,-0.050432],[36.246399,-0.054405],[36.246399,-0.060156],[36.249641,-0.061516],[36.250004,-0.089644],[36.244465,-0.12117],[36.226093,-0.118948],[36.226093,-0.111346],[36.219719,-0.109017],[36.218079,-0.114089],[36.198437,-0.140095],[36.208752,-0.191997],[36.209957,-0.205274],[36.21632,-0.214492],[36.221149,-0.212955],[36.232891,-0.232158],[36.243973,-0.257835],[36.208641,-0.274295],[36.222473,-0.356575],[36.22776,-0.352011],[36.229279,-0.343507],[36.233746,-0.342914],[36.247684,-0.347116],[36.252533,-0.343754],[36.261311,-0.344083],[36.273163,-0.394888],[36.290058,-0.378429],[36.307446,-0.371873],[36.310154,-0.390709],[36.331821,-0.392802],[36.358837,-0.379715],[36.36058,-0.390441],[36.364273,-0.396533],[36.376801,-0.405594],[36.377789,-0.423068],[36.379387,-0.425772],[36.383537,-0.427352],[36.387012,-0.442038],[36.386211,-0.451118],[36.383976,-0.455677],[36.385773,-0.458637],[36.384602,-0.463234],[36.387859,-0.463919],[36.390038,-0.470743],[36.393143,-0.473713],[36.390934,-0.476397],[36.395912,-0.490417],[36.393379,-0.499573],[36.399776,-0.506178],[36.400528,-0.511956],[36.398212,-0.516362],[36.401459,-0.519589],[36.402916,-0.524167],[36.397213,-0.5316],[36.39769,-0.536509],[36.402363,-0.5412],[36.400528,-0.548009],[36.404373,-0.552602],[36.401535,-0.557356],[36.401688,-0.569986],[36.400177,-0.572741],[36.408039,-0.579212],[36.437241,-0.575464],[36.446373,-0.571198],[36.449772,-0.613061],[36.464771,-0.630726],[36.500923,-0.623761],[36.509914,-0.609582],[36.510616,-0.620564],[36.513447,-0.623777],[36.517082,-0.623701],[36.513844,-0.631049],[36.522079,-0.636921],[36.524925,-0.649036],[36.517902,-0.653057],[36.5397,-0.696453],[36.516968,-0.711319],[36.526649,-0.731469],[36.531414,-0.745882],[36.55294,-0.828932],[36.558094,-0.837806],[36.548363,-0.850115],[36.546928,-0.85813],[36.550365,-0.868721],[36.542923,-0.908223],[36.552849,-0.919996],[36.568638,-0.911074],[36.570091,-0.90889],[36.563248,-0.908509],[36.561813,-0.903929],[36.576984,-0.891907],[36.587006,-0.886754],[36.597965,-0.861846],[36.589813,-0.84894],[36.585983,-0.826525],[36.618565,-0.829798],[36.608292,-0.805621],[36.65028,-0.764625],[36.658459,-0.767784],[36.666912,-0.759421],[36.671558,-0.758492],[36.685593,-0.764811],[36.706161,-0.785537],[36.720039,-0.806371],[36.724831,-0.810718],[36.73201,-0.812533],[36.738529,-0.818145],[36.747692,-0.831515],[36.757675,-0.833083],[36.769478,-0.832258],[36.774059,-0.833991],[36.780247,-0.840511],[36.783054,-0.839768],[36.787262,-0.844638],[36.791473,-0.845133],[36.805626,-0.856687],[36.808929,-0.855862],[36.809422,-0.858668],[36.823784,-0.86395],[36.825764,-0.869067],[36.829807,-0.870635],[36.831169,-0.873276],[36.834141,-0.873606],[36.83744,-0.877485],[36.839672,-0.87798],[36.84066,-0.876412],[36.848915,-0.882354],[36.856838,-0.882106],[36.859562,-0.8845],[36.859066,-0.887141],[36.86282,-0.889947],[36.868763,-0.889534],[36.871323,-0.892588],[36.872723,-0.89135],[36.875694,-0.892505],[36.878334,-0.894568],[36.87941,-0.898035],[36.883949,-0.895641],[36.886425,-0.896549],[36.887993,-0.899355],[36.887413,-0.903399],[36.892242,-0.911487],[36.896946,-0.91124],[36.901402,-0.913715],[36.906521,-0.91322],[36.906189,-0.917264],[36.909245,-0.920565],[36.91172,-0.928241],[36.918076,-0.930799],[36.921829,-0.935421],[36.926205,-0.935091],[36.93256,-0.941528],[36.941719,-0.945655],[36.943867,-0.949946],[36.949066,-0.952009],[36.949684,-0.95465],[36.954388,-0.955806],[36.955956,-0.9615],[36.964622,-0.973467],[36.979145,-0.976769],[36.991566,-0.990386],[37.00312,-0.996576],[37.015377,-1.009451],[37.021816,-1.011349],[37.024208,-1.015888],[37.027676,-1.018199],[37.033821,-1.02934],[37.050327,-1.033714],[37.054703,-1.031651],[37.059532,-1.031734],[37.066463,-1.025544],[37.071251,-1.025957],[37.085899,-1.033714],[37.091595,-1.033962],[37.096546,-1.03652],[37.101166,-1.034457],[37.106201,-1.035778],[37.110825,-1.041472],[37.115322,-1.041225],[37.122337,-1.053192],[37.124481,-1.053274],[37.125885,-1.050963],[37.131744,-1.048405],[37.136696,-1.051128],[37.143051,-1.049808],[37.154316,-1.053769],[37.155472,-1.050468],[37.15836,-1.052614],[37.160507,-1.049313],[37.164303,-1.049313],[37.169586,-1.045434],[37.173836,-1.044443],[37.175735,-1.038336],[37.177467,-1.037346],[37.17458,-1.036355],[37.176228,-1.034622],[37.192734,-1.042875],[37.199009,-1.040152],[37.20396,-1.035613],[37.213985,-1.03454],[37.216297,-1.029258],[37.224632,-1.027112],[37.231483,-1.018116],[37.233215,-1.021005],[37.238869,-1.024306],[37.243904,-1.025214],[37.251907,-1.019107],[37.264332,-1.017043],[37.268127,-1.023976],[37.271759,-1.025709],[37.285828,-1.04304],[37.302086,-1.056493],[37.309887,-1.066149],[37.311291,-1.066809],[37.31459,-1.064086],[37.321358,-1.070606],[37.324493,-1.077208],[37.329529,-1.07729],[37.334026,-1.081912],[37.339226,-1.079931],[37.349049,-1.091981],[37.35788,-1.091238],[37.36282,-1.094737],[37.38945,-1.057295],[37.42004,-1.035059],[37.405174,-1.013683],[37.382324,-0.999433],[37.361198,-0.987511],[37.338642,-0.984691],[37.337074,-0.977485],[37.343967,-0.976232],[37.366211,-0.962448],[37.353992,-0.945844],[37.336647,-0.964892],[37.334255,-0.958689],[37.327049,-0.953049],[37.32893,-0.95023],[37.327461,-0.94424],[37.319218,-0.94741],[37.313267,-0.940205],[37.32423,-0.932373],[37.318592,-0.925167],[37.317638,-0.917927],[37.277237,-0.892273],[37.251549,-0.860318],[37.237766,-0.858438],[37.224922,-0.851546],[37.234947,-0.835882],[37.257187,-0.838075],[37.262516,-0.807686],[37.261932,-0.7928],[37.267139,-0.785795],[37.266209,-0.778023],[37.275249,-0.755579],[37.287212,-0.75594],[37.296658,-0.754412],[37.305531,-0.749006],[37.317245,-0.749429],[37.322735,-0.761021],[37.327049,-0.763665],[37.344265,-0.769302],[37.358921,-0.768856],[37.368942,-0.763508],[37.368378,-0.761167],[37.370064,-0.758462],[37.376259,-0.76037],[37.381817,-0.755697],[37.396156,-0.751835],[37.401299,-0.748859],[37.419182,-0.748195],[37.438908,-0.733614],[37.461933,-0.736253],[37.463223,-0.73473],[37.462925,-0.730435],[37.473251,-0.726117],[37.479012,-0.72946],[37.485291,-0.730233],[37.491859,-0.733267],[37.495888,-0.731811],[37.49292,-0.72796],[37.492157,-0.723696],[37.48988,-0.72271],[37.487061,-0.71816],[37.484085,-0.719219],[37.482758,-0.715748],[37.478455,-0.714629],[37.476841,-0.706954],[37.479065,-0.693988],[37.478088,-0.689838],[37.473888,-0.685973],[37.473911,-0.680903],[37.476196,-0.677579],[37.477467,-0.668684],[37.47361,-0.659856],[37.472111,-0.650322],[37.477913,-0.640575],[37.478939,-0.62753],[37.481327,-0.625505],[37.485371,-0.625258],[37.487282,-0.615311],[37.482037,-0.604018],[37.47591,-0.600167],[37.478249,-0.597189],[37.477169,-0.594524],[37.4785,-0.590607],[37.482204,-0.589194],[37.483257,-0.582625],[37.477089,-0.576842],[37.472523,-0.559846],[37.469799,-0.557014],[37.461193,-0.556535],[37.459511,-0.550845],[37.449478,-0.54862],[37.446953,-0.544389],[37.443825,-0.528539],[37.439121,-0.527],[37.436722,-0.522752],[37.432209,-0.520579],[37.425915,-0.510103],[37.424591,-0.503812],[37.425388,-0.499053],[37.428074,-0.495246],[37.422821,-0.486394],[37.422211,-0.482054],[37.426266,-0.468215],[37.426056,-0.45015],[37.420898,-0.443716],[37.424629,-0.433742],[37.422878,-0.418151],[37.423443,-0.408605],[37.421009,-0.40813],[37.421116,-0.404075],[37.41457,-0.394318]]]},"properties":{"REGION":"Central Region","county_count":4,"counties":"Murang'a, Kirinyaga, Nyeri, Nyandarua","RegionalHQ":"Nyeri","Colour":"#fd0a0a","Point":0},"bbox":[36.198437,-1.094737,37.495888,0.140295]},{"type":"Feature","geometry":{"type":"MultiPolygon","coordinates":[[[[39.403687,-4.700684],[39.406494,-4.702209],[39.407715,-4.69989],[39.406494,-4.699402],[39.403687,-4.700684]]],[[[39.400085,-4.684387],[39.401672,-4.684814],[39.402283,-4.683472],[39.400085,-4.684387]]],[[[39.396118,-4.683289],[39.397888,-4.684998],[39.399109,-4.684875],[39.397278,-4.682983],[39.396118,-4.683289]]],[[[39.377075,-4.655396],[39.365295,-4.655212],[39.361084,-4.652527],[39.364319,-4.659729],[39.360291,-4.6604],[39.359924,-4.663208],[39.381287,-4.664795],[39.384277,-4.663513],[39.39209,-4.66748],[39.396484,-4.666382],[39.399475,-4.670898],[39.403503,-4.668396],[39.398682,-4.654907],[39.392883,-4.658691],[39.386292,-4.658386],[39.377075,-4.655396]]],[[[39.230103,-4.651306],[39.234131,-4.6474],[39.231689,-4.646484],[39.230103,-4.651306]]],[[[39.225708,-4.648071],[39.230103,-4.647522],[39.227295,-4.640381],[39.222473,-4.643616],[39.225708,-4.648071]]],[[[39.216919,-4.641785],[39.216919,-4.64447],[39.22113,-4.643311],[39.218323,-4.641479],[39.216919,-4.641785]]],[[[39.220886,-4.638123],[39.21991,-4.638489],[39.21991,-4.639893],[39.220703,-4.639587],[39.220886,-4.638123]]],[[[39.229919,-4.639099],[39.233521,-4.637512],[39.233704,-4.635803],[39.230713,-4.634888],[39.229126,-4.637878],[39.229919,-4.639099]]],[[[39.236877,-4.628113],[39.238708,-4.628418],[39.240295,-4.62323],[39.238098,-4.62262],[39.236877,-4.628113]]],[[[39.24231,-4.618774],[39.245483,-4.621582],[39.24707,-4.618103],[39.242676,-4.612305],[39.240906,-4.614014],[39.242676,-4.616211],[39.24231,-4.618774]]],[[[39.249878,-4.613892],[39.250122,-4.616028],[39.253296,-4.615417],[39.258301,-4.612122],[39.258301,-4.610718],[39.255493,-4.60907],[39.249878,-4.613892]]],[[[39.265076,-4.611816],[39.265503,-4.611023],[39.258728,-4.608582],[39.265076,-4.611816]]],[[[39.29248,-4.59668],[39.289307,-4.594482],[39.28833,-4.59137],[39.289673,-4.589172],[39.288513,-4.588379],[39.286682,-4.590027],[39.286926,-4.596191],[39.289124,-4.596375],[39.291504,-4.600098],[39.29248,-4.59668]]],[[[39.311279,-4.577026],[39.308899,-4.571594],[39.298706,-4.575195],[39.30249,-4.590088],[39.309875,-4.580872],[39.311279,-4.577026]]],[[[39.409912,-4.576294],[39.410278,-4.573975],[39.400513,-4.576721],[39.401123,-4.577271],[39.409912,-4.576294]]],[[[39.397888,-4.573181],[39.401489,-4.574219],[39.400879,-4.572998],[39.397888,-4.573181]]],[[[39.401489,-4.571716],[39.402527,-4.572693],[39.403076,-4.571472],[39.401489,-4.571716]]],[[[39.413879,-4.567993],[39.414124,-4.570129],[39.415283,-4.570312],[39.415894,-4.567688],[39.413879,-4.567993]]],[[[39.452881,-4.562012],[39.453674,-4.558472],[39.460083,-4.552612],[39.461121,-4.537598],[39.46051,-4.535583],[39.453491,-4.532104],[39.4505,-4.533203],[39.448486,-4.538025],[39.44873,-4.549377],[39.444885,-4.553711],[39.445313,-4.558594],[39.434082,-4.555908],[39.432312,-4.551575],[39.429504,-4.556213],[39.431091,-4.55957],[39.425903,-4.555298],[39.426514,-4.558105],[39.433472,-4.562927],[39.432312,-4.563477],[39.434326,-4.565918],[39.435913,-4.572876],[39.433716,-4.568298],[39.437073,-4.584595],[39.436279,-4.587891],[39.440918,-4.589111],[39.445679,-4.579224],[39.448914,-4.579224],[39.453308,-4.574402],[39.454529,-4.570984],[39.452881,-4.562012]]],[[[39.531677,-4.441589],[39.531677,-4.443604],[39.533325,-4.444214],[39.536072,-4.439514],[39.534302,-4.439087],[39.531677,-4.441589]]],[[[39.565683,-4.024576],[39.56633,-4.022889],[39.567589,-4.024719],[39.577733,-4.027805],[39.585386,-4.034695],[39.583821,-4.044132],[39.585116,-4.047899],[39.58749,-4.048689],[39.591033,-4.044796],[39.596555,-4.044329],[39.594482,-4.041809],[39.596497,-4.041809],[39.597203,-4.044491],[39.612544,-4.045298],[39.615831,-4.050501],[39.618799,-4.04946],[39.61799,-4.046913],[39.620822,-4.045908],[39.62361,-4.047648],[39.630526,-4.043055],[39.639429,-4.042643],[39.640022,-4.040185],[39.636371,-4.037242],[39.638008,-4.033475],[39.644141,-4.034641],[39.645202,-4.037027],[39.646118,-4.034119],[39.647522,-4.03479],[39.645957,-4.03674],[39.647306,-4.03735],[39.651173,-4.029241],[39.64531,-4.029886],[39.642684,-4.026585],[39.640364,-4.02637],[39.641749,-4.025886],[39.641227,-4.0167],[39.637639,-4.012017],[39.638502,-4.008428],[39.63549,-3.998345],[39.636623,-3.992406],[39.629015,-3.991689],[39.626133,-3.997053],[39.624847,-3.993564],[39.619955,-3.993671],[39.619433,-3.99168],[39.615557,-3.989562],[39.615485,-3.987051],[39.613291,-3.987714],[39.613453,-3.985759],[39.607365,-3.984664],[39.606645,-3.987463],[39.605458,-3.985956],[39.602814,-3.989024],[39.599235,-3.990244],[39.597616,-3.987338],[39.60258,-3.985131],[39.601537,-3.982691],[39.609181,-3.979317],[39.607131,-3.971207],[39.609037,-3.968552],[39.606843,-3.967655],[39.605692,-3.970274],[39.603606,-3.969126],[39.608857,-3.961303],[39.605286,-3.952515],[39.606079,-3.953125],[39.607727,-3.954529],[39.608521,-3.958313],[39.613098,-3.956482],[39.618103,-3.956726],[39.619507,-3.95459],[39.619873,-3.957886],[39.623108,-3.959595],[39.619873,-3.958008],[39.61908,-3.95929],[39.621088,-3.961662],[39.614829,-3.96988],[39.618102,-3.978061],[39.62071,-3.978976],[39.622221,-3.977344],[39.625512,-3.982116],[39.630314,-3.983677],[39.637158,-3.978259],[39.636528,-3.974814],[39.633615,-3.975621],[39.635377,-3.973073],[39.636906,-3.974096],[39.637841,-3.972445],[39.642886,-3.975549],[39.64312,-3.97363],[39.644613,-3.976142],[39.64294,-3.977164],[39.650863,-3.982547],[39.652608,-3.980968],[39.653597,-3.982547],[39.650971,-3.988073],[39.658741,-3.991859],[39.662464,-3.98836],[39.657756,-3.983543],[39.655589,-3.970938],[39.652819,-3.970032],[39.657459,-3.968014],[39.655273,-3.963196],[39.649402,-3.963438],[39.647333,-3.961572],[39.656614,-3.959897],[39.656301,-3.955221],[39.658269,-3.957326],[39.660739,-3.955268],[39.658964,-3.950244],[39.661554,-3.948115],[39.664792,-3.954431],[39.662561,-3.955771],[39.660991,-3.960831],[39.660619,-3.964898],[39.662885,-3.963833],[39.663928,-3.965591],[39.660847,-3.972266],[39.660919,-3.975938],[39.663467,-3.976524],[39.663197,-3.977661],[39.665583,-3.976417],[39.664258,-3.982188],[39.665349,-3.983049],[39.667879,-3.973432],[39.667735,-3.979784],[39.66909,-3.980561],[39.667114,-3.981628],[39.667364,-3.985633],[39.669918,-3.991985],[39.665817,-3.993528],[39.664971,-3.995627],[39.670871,-4.003862],[39.671752,-4.008016],[39.664998,-4.013694],[39.660934,-4.013694],[39.660994,-4.017606],[39.658044,-4.022821],[39.659842,-4.023634],[39.660526,-4.021768],[39.669339,-4.027318],[39.671773,-4.027126],[39.672434,-4.03277],[39.674844,-4.031052],[39.677097,-4.032217],[39.677911,-4.038373],[39.673661,-4.043373],[39.680725,-4.043213],[39.682285,-4.044941],[39.681162,-4.055328],[39.684201,-4.057926],[39.685833,-4.062511],[39.694089,-4.063546],[39.703425,-4.057805],[39.724209,-4.025335],[39.729037,-4.023214],[39.731547,-4.020088],[39.731451,-4.017951],[39.728941,-4.018366],[39.727598,-4.016931],[39.726048,-4.011062],[39.731196,-3.99977],[39.755384,-3.968814],[39.763378,-3.962147],[39.759349,-3.958702],[39.752603,-3.959946],[39.744865,-3.957682],[39.736519,-3.951589],[39.732554,-3.955193],[39.727566,-3.956501],[39.715208,-3.954268],[39.710604,-3.950696],[39.710972,-3.953303],[39.708813,-3.957275],[39.710492,-3.964245],[39.707342,-3.959922],[39.703857,-3.960257],[39.70488,-3.958535],[39.707151,-3.958503],[39.708957,-3.95509],[39.704289,-3.956445],[39.703674,-3.954895],[39.706482,-3.953613],[39.705904,-3.951709],[39.704113,-3.951166],[39.702514,-3.954037],[39.698294,-3.956461],[39.693306,-3.952219],[39.693114,-3.954643],[39.692027,-3.954388],[39.691899,-3.951645],[39.689724,-3.955377],[39.688573,-3.953367],[39.686047,-3.954516],[39.689309,-3.951007],[39.68689,-3.948914],[39.687102,-3.947083],[39.690012,-3.949795],[39.691291,-3.949189],[39.690716,-3.946605],[39.692186,-3.946828],[39.69225,-3.94922],[39.695672,-3.950209],[39.69711,-3.947354],[39.697494,-3.950401],[39.700052,-3.9519],[39.708142,-3.950337],[39.702738,-3.947211],[39.696472,-3.940002],[39.695313,-3.931213],[39.690308,-3.933594],[39.691284,-3.930786],[39.695313,-3.928406],[39.696289,-3.923889],[39.693115,-3.921875],[39.688904,-3.923523],[39.684082,-3.922485],[39.688904,-3.921875],[39.690125,-3.920288],[39.690308,-3.919128],[39.68811,-3.918701],[39.690491,-3.914001],[39.690918,-3.906616],[39.692322,-3.906311],[39.693909,-3.911316],[39.695313,-3.911621],[39.701111,-3.905701],[39.708679,-3.905212],[39.708679,-3.897705],[39.71228,-3.893311],[39.717712,-3.892578],[39.716675,-3.899597],[39.710693,-3.910889],[39.704895,-3.91571],[39.705078,-3.921326],[39.703308,-3.921997],[39.704529,-3.927795],[39.70813,-3.92627],[39.708679,-3.929993],[39.711304,-3.930908],[39.710083,-3.932678],[39.709473,-3.939575],[39.711121,-3.942322],[39.71006,-3.943957],[39.711915,-3.944659],[39.711403,-3.947657],[39.712938,-3.947402],[39.714217,-3.950847],[39.716839,-3.950209],[39.718374,-3.952251],[39.726239,-3.953463],[39.729181,-3.95257],[39.7311,-3.949699],[39.733594,-3.950401],[39.736152,-3.948933],[39.738518,-3.952059],[39.741907,-3.952634],[39.742035,-3.95493],[39.751052,-3.957929],[39.756743,-3.95627],[39.759813,-3.953144],[39.766719,-3.953016],[39.774457,-3.944149],[39.787663,-3.910016],[39.783875,-3.913513],[39.785889,-3.905518],[39.789344,-3.906465],[39.791394,-3.902102],[39.78833,-3.901184],[39.788879,-3.899902],[39.792346,-3.900031],[39.793724,-3.89703],[39.791077,-3.895874],[39.795145,-3.893938],[39.793091,-3.892273],[39.795105,-3.889221],[39.79911,-3.888579],[39.796875,-3.886414],[39.798706,-3.882812],[39.801068,-3.883594],[39.808766,-3.868474],[39.804321,-3.871582],[39.807312,-3.866028],[39.810283,-3.865505],[39.808105,-3.86438],[39.809082,-3.86261],[39.811598,-3.862931],[39.809875,-3.861084],[39.811523,-3.858398],[39.813946,-3.858336],[39.812317,-3.856812],[39.814792,-3.856116],[39.81311,-3.853577],[39.816003,-3.85294],[39.813721,-3.851318],[39.816841,-3.850743],[39.81427,-3.850098],[39.817771,-3.848303],[39.815674,-3.84668],[39.81907,-3.845282],[39.816711,-3.844177],[39.820312,-3.842438],[39.817688,-3.841675],[39.82139,-3.839969],[39.819092,-3.8396],[39.821812,-3.839003],[39.820679,-3.83667],[39.823219,-3.838237],[39.821716,-3.835388],[39.82373,-3.831299],[39.826288,-3.832559],[39.829614,-3.823945],[39.826477,-3.824524],[39.829738,-3.821304],[39.828308,-3.819824],[39.830859,-3.811985],[39.829285,-3.813171],[39.829895,-3.805969],[39.832172,-3.806717],[39.830688,-3.804321],[39.831909,-3.801025],[39.834666,-3.802824],[39.832886,-3.799194],[39.833923,-3.796875],[39.836456,-3.797847],[39.835083,-3.794678],[39.836904,-3.793317],[39.836487,-3.788574],[39.839526,-3.788148],[39.837097,-3.78717],[39.838684,-3.783386],[39.84082,-3.782982],[39.839478,-3.77948],[39.841636,-3.779725],[39.840088,-3.776184],[39.841125,-3.775208],[39.843299,-3.776918],[39.841675,-3.77417],[39.844002,-3.766389],[39.843689,-3.761414],[39.846624,-3.76256],[39.844116,-3.760498],[39.84668,-3.754822],[39.848734,-3.754073],[39.847107,-3.753296],[39.847473,-3.751587],[39.84956,-3.751815],[39.848083,-3.749878],[39.850717,-3.748649],[39.848694,-3.748596],[39.849487,-3.745911],[39.851074,-3.742798],[39.853786,-3.744501],[39.852112,-3.742004],[39.853271,-3.740295],[39.854746,-3.741183],[39.854309,-3.736084],[39.855789,-3.735425],[39.85692,-3.729186],[39.862228,-3.71821],[39.860949,-3.71553],[39.861908,-3.71285],[39.865681,-3.708893],[39.869422,-3.700852],[39.868271,-3.68158],[39.864882,-3.679282],[39.868207,-3.672326],[39.868335,-3.65535],[39.862915,-3.643311],[39.860085,-3.640991],[39.855225,-3.640225],[39.861511,-3.639587],[39.849487,-3.634094],[39.843689,-3.635681],[39.838074,-3.63269],[39.836487,-3.628906],[39.833313,-3.632996],[39.830078,-3.633972],[39.828674,-3.637085],[39.827515,-3.636292],[39.828308,-3.633301],[39.825684,-3.633301],[39.825317,-3.636902],[39.821716,-3.639282],[39.818298,-3.645386],[39.807678,-3.644104],[39.805298,-3.647217],[39.804504,-3.643616],[39.800903,-3.639526],[39.795288,-3.643799],[39.792725,-3.631409],[39.789124,-3.630127],[39.788513,-3.627502],[39.782898,-3.62207],[39.779114,-3.623291],[39.77948,-3.620911],[39.784119,-3.616699],[39.785522,-3.618469],[39.789673,-3.618103],[39.793884,-3.624817],[39.796082,-3.625305],[39.806519,-3.622986],[39.809082,-3.620483],[39.806274,-3.620972],[39.803894,-3.617981],[39.802917,-3.610596],[39.795898,-3.610596],[39.792297,-3.612183],[39.779724,-3.60968],[39.771118,-3.596619],[39.772278,-3.593506],[39.771301,-3.588379],[39.774902,-3.586792],[39.774902,-3.583801],[39.777527,-3.580383],[39.785706,-3.577698],[39.786926,-3.582397],[39.78009,-3.584412],[39.77948,-3.591492],[39.781128,-3.594116],[39.7771,-3.592896],[39.778687,-3.597412],[39.77832,-3.602905],[39.781494,-3.60791],[39.78772,-3.606873],[39.789673,-3.600769],[39.791504,-3.604309],[39.80072,-3.601196],[39.813904,-3.601807],[39.822693,-3.608398],[39.825073,-3.614075],[39.830078,-3.619873],[39.834473,-3.620117],[39.840515,-3.62439],[39.843872,-3.630798],[39.851685,-3.630798],[39.856873,-3.633423],[39.863525,-3.633179],[39.863539,-3.637018],[39.868847,-3.634784],[39.884674,-3.607852],[39.896185,-3.578237],[39.899127,-3.576323],[39.923811,-3.505347],[39.925729,-3.503432],[39.92572,-3.49823],[39.928287,-3.490921],[39.95764,-3.432195],[39.957576,-3.427918],[39.96816,-3.407299],[39.968352,-3.403788],[39.96573,-3.401873],[39.964905,-3.3974],[39.964722,-3.387329],[39.951721,-3.383484],[39.946289,-3.376282],[39.93512,-3.386719],[39.943481,-3.373901],[39.941528,-3.370972],[39.936279,-3.372681],[39.934082,-3.369507],[39.935486,-3.366577],[39.939514,-3.364014],[39.937073,-3.360291],[39.937927,-3.346619],[39.940125,-3.34491],[39.945496,-3.34491],[39.94751,-3.347717],[39.954102,-3.343384],[39.955078,-3.339172],[39.948914,-3.3349],[39.949707,-3.330383],[39.954285,-3.326111],[39.975525,-3.31781],[39.989929,-3.316772],[39.989319,-3.3125],[39.99231,-3.313293],[39.995911,-3.312012],[39.993896,-3.318604],[39.987671,-3.322571],[39.983276,-3.331482],[39.988708,-3.339111],[39.992676,-3.349915],[39.989929,-3.354004],[39.991882,-3.357483],[39.990479,-3.362183],[39.991882,-3.363098],[39.995483,-3.361206],[39.996521,-3.363708],[39.992126,-3.36731],[39.990479,-3.365112],[39.986328,-3.36731],[39.982483,-3.36499],[39.971313,-3.373291],[39.969116,-3.384583],[39.970886,-3.386292],[39.974304,-3.386108],[39.995483,-3.369629],[40.006287,-3.358276],[40.010681,-3.356873],[40.013489,-3.359375],[40.012512,-3.355896],[40.013916,-3.353882],[40.018921,-3.352905],[40.018127,-3.35498],[40.019287,-3.355286],[40.024475,-3.352112],[40.022278,-3.349792],[40.024719,-3.347107],[40.053101,-3.333008],[40.074097,-3.316101],[40.087708,-3.31073],[40.111694,-3.294495],[40.119507,-3.286682],[40.124695,-3.275818],[40.122681,-3.270386],[40.1297,-3.26001],[40.131287,-3.251587],[40.128479,-3.249329],[40.12793,-3.246277],[40.125488,-3.245117],[40.127686,-3.220215],[40.126282,-3.220398],[40.125122,-3.216675],[40.117493,-3.207275],[40.116882,-3.198975],[40.1203,-3.184021],[40.133484,-3.161621],[40.132324,-3.159302],[40.13092,-3.163208],[40.129883,-3.162903],[40.131287,-3.156128],[40.124695,-3.146973],[40.125488,-3.146179],[40.136902,-3.156677],[40.147522,-3.140991],[40.159912,-3.128784],[40.161682,-3.123413],[40.159912,-3.116577],[40.158691,-3.095581],[40.153076,-3.082886],[40.157715,-3.074402],[40.169678,-3.067322],[40.172119,-3.06311],[40.168701,-3.05481],[40.168518,-3.049377],[40.172119,-3.038879],[40.180725,-3.029907],[40.194519,-3.025085],[40.195313,-3.013977],[40.204712,-3.00238],[40.209717,-2.999512],[40.221497,-2.998108],[40.232117,-2.989502],[40.237488,-2.99292],[40.241089,-2.984009],[40.240112,-2.976807],[40.236694,-2.975098],[40.230896,-2.97699],[40.223877,-2.986389],[40.225098,-2.987976],[40.218323,-2.991272],[40.210083,-2.992187],[40.200317,-2.988708],[40.192871,-2.993103],[40.184509,-2.992493],[40.177917,-3.01001],[40.171692,-3.015686],[40.16687,-3.017395],[40.164124,-3.031311],[40.161926,-3.033325],[40.158691,-3.033386],[40.156677,-3.027283],[40.15448,-3.027527],[40.149292,-3.031189],[40.148926,-3.034912],[40.146912,-3.036377],[40.151489,-3.039612],[40.149109,-3.039795],[40.149475,-3.042297],[40.144714,-3.044312],[40.143921,-3.037781],[40.141479,-3.033813],[40.143921,-3.032776],[40.145874,-3.027588],[40.14209,-3.023499],[40.142883,-3.015991],[40.146484,-3.014526],[40.151489,-3.007507],[40.151489,-3.005798],[40.149475,-3.005676],[40.148926,-3.008789],[40.147278,-3.009521],[40.149475,-2.997925],[40.147888,-2.979797],[40.151306,-2.9729],[40.1521,-2.963989],[40.149475,-2.940308],[40.1521,-2.936707],[40.157288,-2.9375],[40.155884,-2.9328],[40.158691,-2.930481],[40.157288,-2.923828],[40.159485,-2.91449],[40.158875,-2.913025],[40.154907,-2.915588],[40.1521,-2.919617],[40.150085,-2.917297],[40.147705,-2.91803],[40.147278,-2.916504],[40.15033,-2.914185],[40.147888,-2.90918],[40.153687,-2.907227],[40.155518,-2.903381],[40.156921,-2.904907],[40.156311,-2.908203],[40.158875,-2.910278],[40.161316,-2.90979],[40.161926,-2.912292],[40.164124,-2.900879],[40.167114,-2.897888],[40.169495,-2.888672],[40.16687,-2.88739],[40.163513,-2.891602],[40.156677,-2.893188],[40.155884,-2.896423],[40.148071,-2.900513],[40.146118,-2.899109],[40.147278,-2.89447],[40.144287,-2.891785],[40.147705,-2.88678],[40.149719,-2.890076],[40.152527,-2.889771],[40.154724,-2.883484],[40.15271,-2.880493],[40.1521,-2.872314],[40.155518,-2.871216],[40.154907,-2.867126],[40.157104,-2.870178],[40.157104,-2.880371],[40.162292,-2.880371],[40.168274,-2.855591],[40.170898,-2.8526],[40.169128,-2.856018],[40.169922,-2.858887],[40.175903,-2.844727],[40.174316,-2.838806],[40.178284,-2.83197],[40.183716,-2.830078],[40.181702,-2.826294],[40.178528,-2.828674],[40.177673,-2.819214],[40.180908,-2.816772],[40.174072,-2.806824],[40.172913,-2.800415],[40.170105,-2.80072],[40.167908,-2.79248],[40.166077,-2.792603],[40.165527,-2.797302],[40.16333,-2.799988],[40.160706,-2.79187],[40.155273,-2.789673],[40.156677,-2.786072],[40.160095,-2.7854],[40.158081,-2.777405],[40.166077,-2.779419],[40.166687,-2.778076],[40.16748,-2.773315],[40.165894,-2.770386],[40.161926,-2.770813],[40.159485,-2.768494],[40.163513,-2.76709],[40.161926,-2.764099],[40.162292,-2.756897],[40.164124,-2.756287],[40.165894,-2.759216],[40.167114,-2.766602],[40.169495,-2.761475],[40.172302,-2.761108],[40.170898,-2.757019],[40.173889,-2.757019],[40.170715,-2.751404],[40.172119,-2.741577],[40.169678,-2.741577],[40.169922,-2.746216],[40.16748,-2.742371],[40.164673,-2.743469],[40.163513,-2.736023],[40.156677,-2.729126],[40.161499,-2.728882],[40.163879,-2.731018],[40.165283,-2.729675],[40.166077,-2.724915],[40.162476,-2.715698],[40.167297,-2.713989],[40.171326,-2.714783],[40.173279,-2.717224],[40.175682,-2.713666],[40.178562,-2.71773],[40.17749,-2.71637],[40.174683,-2.723694],[40.176086,-2.72699],[40.174072,-2.737305],[40.177124,-2.736694],[40.180115,-2.732788],[40.180908,-2.724182],[40.179504,-2.722412],[40.178284,-2.724182],[40.177307,-2.72168],[40.182087,-2.710776],[40.186817,-2.70615],[40.190769,-2.704711],[40.187477,-2.703387],[40.183571,-2.698761],[40.179871,-2.703489],[40.175098,-2.702964],[40.177063,-2.696991],[40.176239,-2.693862],[40.180191,-2.691601],[40.178204,-2.689042],[40.182087,-2.681185],[40.183186,-2.680546],[40.184898,-2.682396],[40.188347,-2.680249],[40.190632,-2.682144],[40.19714,-2.678456],[40.202003,-2.679278],[40.200611,-2.684097],[40.204723,-2.691566],[40.202965,-2.695335],[40.199928,-2.697334],[40.200176,-2.699367],[40.203354,-2.700577],[40.198372,-2.702039],[40.20084,-2.703284],[40.192776,-2.710787],[40.193302,-2.712614],[40.198624,-2.713048],[40.194355,-2.716246],[40.196682,-2.72062],[40.194603,-2.720963],[40.192207,-2.719044],[40.191818,-2.721556],[40.187889,-2.723544],[40.188759,-2.724845],[40.192505,-2.722538],[40.195267,-2.72295],[40.195747,-2.727289],[40.192688,-2.730704],[40.196449,-2.732608],[40.212837,-2.705256],[40.233273,-2.677739],[40.261883,-2.649298],[40.259529,-2.64342],[40.267143,-2.637877],[40.26955,-2.630375],[40.281254,-2.623964],[40.290546,-2.613103],[40.305607,-2.606077],[40.340374,-2.58427],[40.340652,-2.587182],[40.333878,-2.590121],[40.329346,-2.595439],[40.316242,-2.60241],[40.299561,-2.613999],[40.291721,-2.61593],[40.28215,-2.628751],[40.280582,-2.629143],[40.278286,-2.626791],[40.273357,-2.628779],[40.266582,-2.642608],[40.307232,-2.611395],[40.328918,-2.597388],[40.349098,-2.585504],[40.400288,-2.560519],[40.438084,-2.544519],[40.461403,-2.536767],[40.489243,-2.530729],[40.512753,-2.529464],[40.516502,-2.527285],[40.512848,-2.527894],[40.513363,-2.524979],[40.50782,-2.524066],[40.506763,-2.522176],[40.499939,-2.520687],[40.497185,-2.52184],[40.496098,-2.519149],[40.493534,-2.518252],[40.484467,-2.525123],[40.480911,-2.524899],[40.474411,-2.529976],[40.465504,-2.531658],[40.459995,-2.534701],[40.453651,-2.536126],[40.453205,-2.531193],[40.450291,-2.535037],[40.449135,-2.531289],[40.444332,-2.531898],[40.442699,-2.528118],[40.444267,-2.52397],[40.447662,-2.522208],[40.455288,-2.521631],[40.455158,-2.51617],[40.457111,-2.514152],[40.457146,-2.511109],[40.459354,-2.50608],[40.462879,-2.502764],[40.467171,-2.504686],[40.469349,-2.510741],[40.473705,-2.509299],[40.474026,-2.506096],[40.464962,-2.500971],[40.4664,-2.498248],[40.474792,-2.502492],[40.477837,-2.500218],[40.478542,-2.496342],[40.481937,-2.498039],[40.484501,-2.49418],[40.49049,-2.495493],[40.488762,-2.491681],[40.489723,-2.490944],[40.49379,-2.493827],[40.493019,-2.501611],[40.499779,-2.504734],[40.499268,-2.49442],[40.502213,-2.493811],[40.505642,-2.49647],[40.509357,-2.496758],[40.513138,-2.498616],[40.512527,-2.503101],[40.515442,-2.503645],[40.515667,-2.505247],[40.508244,-2.516487],[40.510864,-2.519469],[40.519047,-2.520076],[40.523449,-2.525795],[40.53215,-2.532121],[40.541855,-2.532208],[40.547749,-2.533906],[40.569725,-2.548049],[40.606297,-2.557547],[40.614475,-2.55181],[40.619953,-2.550354],[40.643803,-2.532797],[40.659988,-2.511912],[40.679749,-2.490975],[40.704704,-2.471945],[40.730618,-2.45602],[40.705899,-2.4604],[40.730713,-2.455994],[40.74469,-2.44928],[40.756531,-2.448181],[40.767883,-2.44989],[40.769287,-2.437988],[40.776123,-2.42572],[40.787903,-2.414917],[40.802307,-2.405212],[40.811279,-2.396179],[40.817322,-2.393677],[40.822327,-2.389221],[40.82312,-2.369629],[40.820313,-2.360779],[40.815674,-2.355408],[40.806885,-2.354126],[40.801514,-2.351196],[40.794678,-2.339905],[40.796082,-2.350891],[40.786926,-2.346008],[40.788696,-2.348511],[40.787476,-2.350769],[40.789673,-2.353027],[40.788696,-2.356384],[40.790527,-2.359985],[40.785278,-2.362427],[40.785095,-2.364319],[40.786926,-2.365723],[40.785522,-2.367126],[40.786316,-2.370911],[40.777893,-2.378906],[40.777283,-2.382385],[40.774902,-2.380188],[40.770874,-2.381897],[40.772278,-2.39447],[40.7677,-2.389709],[40.76532,-2.392517],[40.759094,-2.395203],[40.768311,-2.386719],[40.768494,-2.38031],[40.77771,-2.374512],[40.77533,-2.373474],[40.769104,-2.375671],[40.766296,-2.370178],[40.769897,-2.368103],[40.772522,-2.371399],[40.775879,-2.36969],[40.774719,-2.36792],[40.780518,-2.363892],[40.779724,-2.362],[40.781128,-2.360596],[40.778931,-2.35907],[40.778503,-2.362793],[40.77533,-2.358582],[40.772705,-2.360718],[40.770874,-2.35791],[40.773071,-2.353821],[40.771484,-2.351501],[40.768921,-2.349121],[40.766479,-2.352478],[40.763672,-2.350403],[40.763672,-2.344604],[40.765686,-2.34259],[40.759094,-2.328369],[40.758728,-2.317322],[40.756287,-2.317688],[40.752319,-2.314087],[40.747498,-2.314087],[40.729492,-2.306885],[40.726929,-2.303589],[40.723694,-2.307007],[40.727478,-2.309387],[40.726074,-2.311218],[40.711487,-2.308105],[40.71051,-2.305908],[40.704102,-2.308899],[40.701294,-2.305115],[40.703674,-2.303528],[40.703491,-2.293884],[40.698486,-2.291382],[40.696472,-2.292725],[40.693115,-2.291687],[40.693115,-2.289429],[40.690918,-2.288879],[40.697876,-2.284973],[40.696289,-2.282471],[40.700073,-2.283325],[40.699707,-2.279907],[40.702881,-2.281372],[40.704285,-2.278687],[40.706116,-2.283386],[40.715698,-2.285583],[40.711731,-2.283508],[40.707703,-2.278015],[40.705688,-2.269897],[40.708679,-2.271912],[40.712891,-2.270325],[40.714478,-2.276306],[40.716492,-2.275574],[40.72052,-2.278015],[40.725098,-2.271484],[40.729919,-2.275818],[40.725708,-2.279175],[40.725708,-2.285522],[40.727295,-2.286011],[40.729126,-2.284119],[40.730103,-2.286804],[40.738525,-2.289429],[40.744324,-2.29541],[40.748291,-2.294006],[40.754089,-2.305908],[40.755676,-2.303772],[40.758118,-2.30719],[40.755493,-2.295715],[40.753906,-2.298706],[40.748718,-2.287598],[40.74292,-2.28479],[40.740723,-2.286377],[40.737671,-2.282104],[40.739502,-2.272522],[40.741516,-2.276672],[40.743286,-2.276611],[40.741272,-2.272522],[40.743286,-2.270386],[40.754272,-2.276611],[40.755676,-2.276917],[40.756104,-2.275391],[40.74231,-2.266418],[40.738708,-2.267212],[40.734314,-2.256226],[40.730103,-2.26239],[40.723328,-2.266785],[40.719482,-2.261169],[40.71228,-2.260498],[40.710083,-2.262817],[40.706116,-2.262207],[40.69928,-2.2547],[40.699524,-2.252991],[40.702698,-2.253723],[40.705872,-2.258423],[40.709473,-2.25647],[40.715698,-2.257324],[40.717712,-2.25293],[40.721313,-2.250977],[40.722107,-2.246094],[40.722717,-2.249878],[40.725098,-2.250183],[40.726074,-2.241516],[40.723511,-2.232117],[40.714111,-2.219116],[40.708679,-2.215271],[40.701294,-2.205627],[40.696289,-2.205872],[40.696289,-2.203796],[40.705688,-2.202698],[40.704529,-2.207275],[40.707703,-2.207825],[40.71228,-2.213501],[40.714722,-2.213196],[40.716675,-2.216614],[40.719482,-2.216919],[40.719727,-2.22052],[40.724304,-2.226929],[40.727295,-2.226196],[40.725098,-2.220093],[40.726318,-2.219421],[40.729309,-2.224487],[40.729492,-2.228088],[40.727722,-2.231201],[40.730713,-2.237183],[40.734314,-2.237],[40.734924,-2.238525],[40.737915,-2.236816],[40.737122,-2.240417],[40.743896,-2.244873],[40.7453,-2.244629],[40.743713,-2.234314],[40.744507,-2.2276],[40.745728,-2.227112],[40.748291,-2.229675],[40.748718,-2.245972],[40.751709,-2.247009],[40.75293,-2.250427],[40.755676,-2.250183],[40.757874,-2.252625],[40.762878,-2.25238],[40.762878,-2.246399],[40.76709,-2.245911],[40.768677,-2.238525],[40.774719,-2.237488],[40.770691,-2.240479],[40.771118,-2.250183],[40.774109,-2.250977],[40.774475,-2.246704],[40.77771,-2.24469],[40.779724,-2.250977],[40.779297,-2.257629],[40.780884,-2.260376],[40.783508,-2.259216],[40.788086,-2.253174],[40.791687,-2.251709],[40.793884,-2.248108],[40.7995,-2.245178],[40.799316,-2.24292],[40.795105,-2.238892],[40.789673,-2.239197],[40.795288,-2.2323],[40.80011,-2.232422],[40.801331,-2.237488],[40.819702,-2.228027],[40.82373,-2.229004],[40.828918,-2.226685],[40.841309,-2.231079],[40.836914,-2.235596],[40.833313,-2.236572],[40.830505,-2.240723],[40.827515,-2.241577],[40.827881,-2.243286],[40.84967,-2.233276],[40.854309,-2.232483],[40.855286,-2.23407],[40.848328,-2.237488],[40.849487,-2.239685],[40.857727,-2.23761],[40.862122,-2.234375],[40.876526,-2.232605],[40.873474,-2.231079],[40.861084,-2.231995],[40.866516,-2.226929],[40.867493,-2.223389],[40.876526,-2.226196],[40.874084,-2.222412],[40.878479,-2.221313],[40.873718,-2.218384],[40.8703,-2.219177],[40.870483,-2.21698],[40.862122,-2.214111],[40.85968,-2.21167],[40.860718,-2.21051],[40.86908,-2.210571],[40.874512,-2.211121],[40.87793,-2.213623],[40.882324,-2.21283],[40.879272,-2.211304],[40.878296,-2.203125],[40.872314,-2.203491],[40.868896,-2.200623],[40.872925,-2.197571],[40.880676,-2.195801],[40.883118,-2.190918],[40.882324,-2.186401],[40.886719,-2.185974],[40.888916,-2.189514],[40.889099,-2.197083],[40.886475,-2.197083],[40.885071,-2.198914],[40.886719,-2.202881],[40.889526,-2.202515],[40.891479,-2.198914],[40.896729,-2.202393],[40.899292,-2.198181],[40.90271,-2.202698],[40.900513,-2.209106],[40.903076,-2.212097],[40.922119,-2.221619],[40.925903,-2.221008],[40.919312,-2.210083],[40.919312,-2.199585],[40.915283,-2.182983],[40.918274,-2.158325],[40.916077,-2.156311],[40.916321,-2.14679],[40.913086,-2.145325],[40.91272,-2.133972],[40.910522,-2.127502],[40.912292,-2.089417],[40.904114,-2.077271],[40.895691,-2.083374],[40.899475,-2.075928],[40.899719,-2.072021],[40.897888,-2.07019],[40.895325,-2.070679],[40.894897,-2.073181],[40.892273,-2.072205],[40.891907,-2.070129],[40.889282,-2.070374],[40.883484,-2.073669],[40.883118,-2.076416],[40.876099,-2.074097],[40.884888,-2.067627],[40.884094,-2.065918],[40.885681,-2.065186],[40.885681,-2.062805],[40.884277,-2.06189],[40.871704,-2.071411],[40.86853,-2.076599],[40.86853,-2.070984],[40.855286,-2.072205],[40.850525,-2.069824],[40.86908,-2.065979],[40.870483,-2.062988],[40.873291,-2.064209],[40.875305,-2.059998],[40.879517,-2.0578],[40.880493,-2.054199],[40.885071,-2.054077],[40.89032,-2.060303],[40.894104,-2.061218],[40.893921,-2.057495],[40.891296,-2.055176],[40.89032,-2.050171],[40.884705,-2.049377],[40.881531,-2.04541],[40.8797,-2.04657],[40.87793,-2.045105],[40.875305,-2.046692],[40.874878,-2.044189],[40.876892,-2.04071],[40.882324,-2.041077],[40.883911,-2.03772],[40.877319,-2.032593],[40.884888,-2.034302],[40.887512,-2.032104],[40.886475,-2.035217],[40.887512,-2.036804],[40.890686,-2.037415],[40.8927,-2.041809],[40.900085,-2.046204],[40.90033,-2.027283],[40.90271,-2.019897],[40.903076,-2.01062],[40.892517,-2.008606],[40.889526,-2.014099],[40.886719,-2.012573],[40.879272,-2.016907],[40.872681,-2.011475],[40.866699,-2.011292],[40.862915,-2.017822],[40.859131,-2.020508],[40.857483,-2.020386],[40.855286,-2.016724],[40.848083,-2.015198],[40.839905,-2.018799],[40.828674,-2.017578],[40.832886,-2.010498],[40.837524,-2.011719],[40.847107,-2.008789],[40.858521,-2.009277],[40.860901,-2.00769],[40.862915,-2.003113],[40.86853,-2.005188],[40.871277,-2.004517],[40.87207,-2.000488],[40.868896,-1.999817],[40.86853,-1.997009],[40.863525,-1.992187],[40.860901,-1.992615],[40.8573,-1.990295],[40.853271,-1.991394],[40.85553,-1.987427],[40.843323,-1.978821],[40.839111,-1.977417],[40.838928,-1.979919],[40.836304,-1.979126],[40.834473,-1.981079],[40.826904,-1.977478],[40.825684,-1.97821],[40.826294,-1.976196],[40.823486,-1.976501],[40.822693,-1.974304],[40.819092,-1.975403],[40.816895,-1.973389],[40.813721,-1.97467],[40.814087,-1.973022],[40.818481,-1.97052],[40.818726,-1.968628],[40.813477,-1.968079],[40.801086,-1.963013],[40.795288,-1.958984],[40.794495,-1.955322],[40.789673,-1.956482],[40.792114,-1.952515],[40.788086,-1.951721],[40.785278,-1.947998],[40.778931,-1.946289],[40.774109,-1.942383],[40.768921,-1.942505],[40.771301,-1.940979],[40.773682,-1.933777],[40.77533,-1.934509],[40.773499,-1.937622],[40.774719,-1.940002],[40.777893,-1.938171],[40.778503,-1.940979],[40.782288,-1.942627],[40.786316,-1.937378],[40.788086,-1.940002],[40.785889,-1.941223],[40.787292,-1.943298],[40.803528,-1.94397],[40.805481,-1.945679],[40.804871,-1.949707],[40.809875,-1.952209],[40.813477,-1.94928],[40.813477,-1.946716],[40.815918,-1.945679],[40.816711,-1.94989],[40.812683,-1.953003],[40.816284,-1.951721],[40.818481,-1.952698],[40.81488,-1.953186],[40.814087,-1.955078],[40.825073,-1.956604],[40.832275,-1.954285],[40.834473,-1.95697],[40.831482,-1.95697],[40.831726,-1.958374],[40.842285,-1.959595],[40.84552,-1.958923],[40.844116,-1.957397],[40.844727,-1.9552],[40.836121,-1.940125],[40.836121,-1.936829],[40.840881,-1.930481],[40.840271,-1.940186],[40.843323,-1.940491],[40.844727,-1.944214],[40.84729,-1.944214],[40.849121,-1.946411],[40.851074,-1.945801],[40.850525,-1.951721],[40.855713,-1.957825],[40.855896,-1.962891],[40.854675,-1.966187],[40.852295,-1.967407],[40.864075,-1.971191],[40.864075,-1.967407],[40.867676,-1.966675],[40.866272,-1.963318],[40.86731,-1.95929],[40.873474,-1.950317],[40.871704,-1.959412],[40.876282,-1.965576],[40.874084,-1.967712],[40.874084,-1.971008],[40.880127,-1.96991],[40.874878,-1.974304],[40.875122,-1.982117],[40.873901,-1.982422],[40.878906,-1.986816],[40.878723,-1.988525],[40.884277,-1.991211],[40.884094,-1.989685],[40.89093,-1.98999],[40.89447,-1.988403],[40.892517,-1.991028],[40.886475,-1.991699],[40.892273,-1.992493],[40.896301,-1.98938],[40.895081,-1.984192],[40.899292,-1.984985],[40.90271,-1.982788],[40.897705,-1.990479],[40.905273,-1.989075],[40.915527,-1.991577],[40.920715,-1.998596],[40.921082,-2.007507],[40.925293,-2.010193],[40.936707,-2.008606],[40.936096,-2.016113],[40.934082,-2.019287],[40.931274,-2.017883],[40.926514,-2.018799],[40.930908,-2.022217],[40.931274,-2.02478],[40.926514,-2.021912],[40.926331,-2.024475],[40.921875,-2.024719],[40.919495,-2.030212],[40.925293,-2.030884],[40.922913,-2.033203],[40.930298,-2.037292],[40.943298,-2.051697],[40.942688,-2.057983],[40.938477,-2.057617],[40.93689,-2.061707],[40.938477,-2.06781],[40.942871,-2.072327],[40.943115,-2.075378],[40.945679,-2.076294],[40.953491,-2.074524],[40.949524,-2.072021],[40.949097,-2.070007],[40.952087,-2.063904],[40.952881,-2.06781],[40.956726,-2.06842],[40.958496,-2.070496],[40.96228,-2.064209],[40.959106,-2.06189],[40.957886,-2.054504],[40.95752,-2.046326],[40.960693,-2.041809],[40.957092,-2.041626],[40.958679,-2.037292],[40.956299,-2.030273],[40.949524,-2.026672],[40.952881,-2.025391],[40.952515,-2.016296],[40.955872,-2.009094],[40.961487,-2.004028],[40.959473,-2.00238],[40.95929,-1.99408],[40.960693,-1.999084],[40.962891,-2.000305],[40.962524,-1.991882],[40.969727,-1.983521],[40.965515,-1.974182],[40.967285,-1.967896],[40.971313,-1.963623],[40.971924,-1.960388],[40.969116,-1.957703],[40.964722,-1.958496],[40.964478,-1.945679],[40.960876,-1.945312],[40.961487,-1.94281],[40.965881,-1.93927],[40.966675,-1.935181],[40.973694,-1.928528],[40.975891,-1.927917],[40.974304,-1.929626],[40.975281,-1.930115],[40.979675,-1.927673],[40.977112,-1.926575],[40.974915,-1.919983],[40.983704,-1.926819],[40.987122,-1.926025],[40.991882,-1.918823],[40.991089,-1.917175],[40.989319,-1.919617],[40.98468,-1.915405],[40.980286,-1.904175],[40.981689,-1.903809],[40.981873,-1.906311],[40.986084,-1.911194],[40.99353,-1.911499],[40.990112,-1.908691],[40.994507,-1.908997],[41.001282,-1.90332],[41.000305,-1.9021],[40.99707,-1.90271],[40.996521,-1.901123],[41.000122,-1.900818],[41.001282,-1.898376],[40.999329,-1.896484],[41.003296,-1.89447],[41.003113,-1.885986],[41.00769,-1.895691],[41.009705,-1.89502],[41.011108,-1.890381],[41.012085,-1.893311],[41.01947,-1.89209],[41.023315,-1.889099],[41.026672,-1.883484],[41.037292,-1.875793],[41.036926,-1.869812],[41.040527,-1.865601],[41.045288,-1.865784],[41.046875,-1.873413],[41.051086,-1.875488],[41.05188,-1.880676],[41.050476,-1.883484],[41.046326,-1.883911],[41.048096,-1.889587],[41.044128,-1.888184],[41.027527,-1.900818],[41.024292,-1.904175],[41.026917,-1.905884],[41.024475,-1.906921],[41.024902,-1.908508],[41.021118,-1.904602],[41.012512,-1.907593],[41.010498,-1.912781],[41.013489,-1.919189],[41.008484,-1.917175],[41.00708,-1.923401],[41.00592,-1.919922],[41.003906,-1.919128],[40.999512,-1.928528],[40.987305,-1.942322],[40.988281,-1.945312],[40.98468,-1.94458],[40.983093,-1.946411],[40.984314,-1.950684],[40.989075,-1.956604],[40.991516,-1.955322],[40.991882,-1.957886],[40.993896,-1.958801],[40.991882,-1.960083],[40.990295,-1.958679],[40.989929,-1.960083],[40.990479,-1.968201],[40.989075,-1.973572],[40.990479,-1.977478],[40.99292,-1.978088],[40.991089,-1.979309],[40.99231,-1.983826],[40.987671,-1.982788],[40.983521,-1.993591],[40.983887,-1.997375],[40.987915,-2.003784],[40.989685,-2.00293],[40.990295,-2.01001],[40.988708,-2.012878],[40.986084,-2.010193],[40.982727,-2.016174],[40.989319,-2.02179],[40.988525,-2.026184],[40.990479,-2.027893],[40.99231,-2.035706],[40.99408,-2.032227],[41.001282,-2.031616],[41.005676,-2.028076],[41.009277,-2.030212],[41.010925,-2.033569],[41.008728,-2.035278],[41.006897,-2.040283],[41.009277,-2.043701],[41.012878,-2.044373],[41.011475,-2.047302],[41.014709,-2.047302],[41.014709,-2.045288],[41.020508,-2.041321],[41.022705,-2.03717],[41.020508,-2.036621],[41.021301,-2.035278],[41.024292,-2.035583],[41.028687,-2.041626],[41.031128,-2.040588],[41.031311,-2.036804],[41.036926,-2.030212],[41.036926,-2.025879],[41.042725,-2.021301],[41.041077,-2.019104],[41.041687,-2.015869],[41.044678,-2.011902],[41.049683,-2.011902],[41.052673,-2.008179],[41.052917,-2.004211],[41.057678,-2.004395],[41.059509,-2.008972],[41.058472,-2.013794],[41.059875,-2.013489],[41.061096,-2.008301],[41.059509,-2.002197],[41.063904,-2.001526],[41.063477,-1.999878],[41.059692,-1.99823],[41.061279,-1.994385],[41.063477,-1.994385],[41.060913,-1.986877],[41.063904,-1.988708],[41.066895,-1.987183],[41.06488,-1.984314],[41.067322,-1.982605],[41.066101,-1.978821],[41.070313,-1.981384],[41.077271,-1.974792],[41.079529,-1.97522],[41.081482,-1.973083],[41.082275,-1.974487],[41.086731,-1.970581],[41.089294,-1.970886],[41.088501,-1.968811],[41.092529,-1.966187],[41.09613,-1.968811],[41.096313,-1.96637],[41.099121,-1.967407],[41.103882,-1.966003],[41.104126,-1.961487],[41.109131,-1.963501],[41.113098,-1.960083],[41.115112,-1.961914],[41.114075,-1.96521],[41.115906,-1.969421],[41.118896,-1.971985],[41.1203,-1.968628],[41.118896,-1.963989],[41.121094,-1.963318],[41.122498,-1.959412],[41.125305,-1.961914],[41.126282,-1.965576],[41.128296,-1.959473],[41.134521,-1.961121],[41.1427,-1.954224],[41.143677,-1.950317],[41.145874,-1.951782],[41.149109,-1.947876],[41.147888,-1.953308],[41.164307,-1.938171],[41.164673,-1.934814],[41.160278,-1.934021],[41.162476,-1.930786],[41.172302,-1.928223],[41.172119,-1.92218],[41.17749,-1.925476],[41.177673,-1.922607],[41.179871,-1.921204],[41.179077,-1.91748],[41.183289,-1.919189],[41.191711,-1.911926],[41.192322,-1.909424],[41.196716,-1.908386],[41.197693,-1.905518],[41.199524,-1.905396],[41.201721,-1.897888],[41.20929,-1.89801],[41.225525,-1.886902],[41.226074,-1.888489],[41.219727,-1.894592],[41.224487,-1.896301],[41.222473,-1.901611],[41.218079,-1.904724],[41.218506,-1.90979],[41.226929,-1.901672],[41.231873,-1.902283],[41.235901,-1.899902],[41.234497,-1.902405],[41.236511,-1.904297],[41.235291,-1.910889],[41.237488,-1.911377],[41.238281,-1.908386],[41.240479,-1.906921],[41.236511,-1.916504],[41.238098,-1.918396],[41.244507,-1.916321],[41.24353,-1.911194],[41.246521,-1.911804],[41.247925,-1.909424],[41.251526,-1.907898],[41.250916,-1.910828],[41.248108,-1.912781],[41.251282,-1.913818],[41.250122,-1.91687],[41.251709,-1.918823],[41.250122,-1.923218],[41.252502,-1.924072],[41.251892,-1.927124],[41.242676,-1.932922],[41.243286,-1.938171],[41.239929,-1.935791],[41.236328,-1.937805],[41.236328,-1.943726],[41.240479,-1.942688],[41.241516,-1.943787],[41.239075,-1.947388],[41.235901,-1.94812],[41.236084,-1.949402],[41.24292,-1.948975],[41.245483,-1.951782],[41.248474,-1.951721],[41.246521,-1.946106],[41.249512,-1.943176],[41.252686,-1.943604],[41.249695,-1.937073],[41.255676,-1.939087],[41.256714,-1.934326],[41.262329,-1.932007],[41.260925,-1.935181],[41.264709,-1.938477],[41.2677,-1.934204],[41.268921,-1.9375],[41.2771,-1.936829],[41.28009,-1.938416],[41.279114,-1.942017],[41.281921,-1.943604],[41.280884,-1.947327],[41.282471,-1.953796],[41.274902,-1.962708],[41.2771,-1.969482],[41.277283,-1.981689],[41.286682,-1.971985],[41.294678,-1.968079],[41.297302,-1.959106],[41.303284,-1.954102],[41.310913,-1.954102],[41.312073,-1.956177],[41.310303,-1.960876],[41.311523,-1.960815],[41.31488,-1.956726],[41.312683,-1.955017],[41.313477,-1.94989],[41.316528,-1.947205],[41.320129,-1.946594],[41.323303,-1.943176],[41.323914,-1.940979],[41.321289,-1.940674],[41.323486,-1.934326],[41.331909,-1.92511],[41.339294,-1.913391],[41.342285,-1.911377],[41.351074,-1.9104],[41.350281,-1.907898],[41.361084,-1.890869],[41.369324,-1.884827],[41.379089,-1.874512],[41.386719,-1.870789],[41.389893,-1.86499],[41.386108,-1.866028],[41.385071,-1.868591],[41.383728,-1.866394],[41.377075,-1.864807],[41.375671,-1.862427],[41.377075,-1.860291],[41.370483,-1.860901],[41.365906,-1.86377],[41.364929,-1.862915],[41.366272,-1.859802],[41.370117,-1.85968],[41.37207,-1.856384],[41.377686,-1.854797],[41.380493,-1.855286],[41.383911,-1.863525],[41.387512,-1.862],[41.395691,-1.853027],[41.392273,-1.851013],[41.395081,-1.845093],[41.403687,-1.838806],[41.410278,-1.831299],[41.415527,-1.827209],[41.417908,-1.827271],[41.418274,-1.822083],[41.4245,-1.816528],[41.420898,-1.815918],[41.423096,-1.814575],[41.421875,-1.810913],[41.423889,-1.807373],[41.429077,-1.801514],[41.437683,-1.796997],[41.461914,-1.769104],[41.474487,-1.757812],[41.479675,-1.749878],[41.492676,-1.743103],[41.501282,-1.724426],[41.519714,-1.700012],[41.554077,-1.669983],[41.562073,-1.658569],[40.902893,-1.714478],[40.500362,-1.909643],[40.40324,-1.950122],[40.220063,-2.035843],[40.213234,-2.03978],[40.249512,-2.248779],[40.249512,-2.398071],[40.440716,-2.397535],[40.249409,-2.398105],[40.249378,-2.248803],[40.211979,-2.033945],[40.206872,-2.018634],[40.196854,-2.000801],[40.19688,-1.980528],[40.190262,-1.970235],[40.185986,-1.95979],[40.189411,-1.936284],[40.186535,-1.894173],[40.188812,-1.872739],[40.187515,-1.862907],[40.178074,-1.846017],[40.167263,-1.833953],[40.163021,-1.823378],[40.162621,-1.804134],[40.158913,-1.783001],[40.157715,-1.763752],[40.16037,-1.753706],[40.169147,-1.735496],[40.170753,-1.723865],[40.160034,-1.703656],[40.158234,-1.697334],[40.157711,-1.681305],[40.159908,-1.644566],[40.158825,-1.630872],[40.153996,-1.607811],[40.149208,-1.595584],[40.143253,-1.586386],[40.126099,-1.570153],[40.114887,-1.552902],[40.106621,-1.521734],[40.105141,-1.507941],[40.101318,-1.499721],[40.097992,-1.496832],[40.090466,-1.484055],[40.087276,-1.474342],[40.079128,-1.474081],[40.070904,-1.470876],[40.038784,-1.490767],[40.032562,-1.487366],[40.031441,-1.482297],[40.03648,-1.482559],[40.038181,-1.480246],[40.035324,-1.474805],[40.036316,-1.469792],[40.032013,-1.462695],[40.035282,-1.455591],[40.029579,-1.452475],[40.033215,-1.448478],[40.034286,-1.432645],[40.030117,-1.427908],[40.032162,-1.425477],[40.031178,-1.424331],[40.024509,-1.422089],[40.02198,-1.400996],[40.012531,-1.381639],[40.009075,-1.379539],[40.01461,-1.376326],[40.014767,-1.374539],[40.010708,-1.368939],[40.009373,-1.360323],[40.004692,-1.36312],[40.00227,-1.361358],[40.00433,-1.354151],[40.000957,-1.348082],[40.007038,-1.334568],[40.011753,-1.329347],[40.004314,-1.324636],[40.004246,-1.315612],[39.999367,-1.308918],[39.997234,-1.299963],[39.997391,-1.298463],[40.004292,-1.293577],[39.99918,-1.285914],[40.00634,-1.278603],[40.004719,-1.269871],[40.011845,-1.264688],[40.00869,-1.257181],[40.003693,-1.25671],[40.001328,-1.25466],[40.007442,-1.245224],[40.007969,-1.240105],[40.004745,-1.237886],[39.996731,-1.239506],[39.995346,-1.238423],[40.000004,-1.233616],[39.995644,-1.226803],[40.000423,-1.215198],[39.997658,-1.213149],[39.991058,-1.212753],[39.989197,-1.209885],[39.991226,-1.20521],[39.98925,-1.202468],[39.983131,-1.204019],[39.979847,-1.202375],[39.981033,-1.193159],[39.97266,-1.186329],[39.969482,-1.176576],[39.962872,-1.167603],[39.962322,-1.156793],[39.955799,-1.144542],[39.944912,-1.138767],[39.94376,-1.131119],[39.936436,-1.132852],[39.932388,-1.12909],[39.932354,-1.110859],[39.929512,-1.105244],[39.925941,-1.077717],[39.920845,-1.078681],[39.918587,-1.076001],[39.913563,-1.064768],[39.917179,-1.058348],[39.908344,-1.05129],[39.912689,-1.042452],[39.907932,-1.035817],[39.899044,-1.028126],[39.896202,-1.014993],[39.898956,-1.009194],[39.898457,-1.006791],[39.889477,-1.005734],[39.88583,-1.000584],[39.885731,-0.995126],[39.891632,-0.989607],[39.887653,-0.98563],[39.889263,-0.981697],[39.884838,-0.977318],[39.888233,-0.974368],[39.892925,-0.975709],[39.893551,-0.973609],[39.885689,-0.967956],[39.880325,-0.969341],[39.878494,-0.958974],[39.881798,-0.951019],[39.878357,-0.951556],[39.873398,-0.958706],[39.870895,-0.959465],[39.869377,-0.958259],[39.871075,-0.951377],[39.868931,-0.946595],[39.87228,-0.942663],[39.877064,-0.942305],[39.878456,-0.936686],[39.874035,-0.932919],[39.872593,-0.92773],[39.864017,-0.927775],[39.860725,-0.926061],[39.860546,-0.921459],[39.864513,-0.915932],[39.860409,-0.914037],[39.858242,-0.905826],[39.851746,-0.897501],[39.855808,-0.892403],[39.849895,-0.887846],[39.851658,-0.885049],[39.857117,-0.885365],[39.859463,-0.882026],[39.858154,-0.876138],[39.85125,-0.87113],[39.85725,-0.859467],[39.8568,-0.853512],[39.858967,-0.849226],[39.857342,-0.847511],[39.853054,-0.84715],[39.849087,-0.842729],[39.846378,-0.852474],[39.844707,-0.853512],[39.841507,-0.852474],[39.842949,-0.846],[39.838348,-0.842616],[39.836815,-0.838195],[39.837715,-0.836119],[39.839928,-0.835623],[39.844753,-0.84018],[39.84737,-0.839007],[39.843941,-0.82775],[39.845432,-0.819584],[39.836723,-0.813312],[39.835819,-0.811011],[39.841686,-0.806748],[39.842182,-0.804357],[39.838165,-0.802146],[39.829819,-0.805078],[39.825397,-0.80377],[39.825848,-0.7998],[39.834602,-0.795965],[39.834152,-0.792942],[39.83131,-0.790957],[39.825081,-0.792603],[39.824272,-0.78764],[39.827248,-0.780783],[39.817772,-0.776136],[39.812359,-0.776722],[39.808659,-0.77124],[39.809742,-0.769797],[39.814842,-0.769616],[39.816105,-0.766954],[39.814976,-0.764653],[39.808929,-0.76154],[39.80875,-0.758923],[39.811729,-0.755742],[39.817276,-0.755427],[39.815742,-0.746493],[39.822601,-0.745636],[39.824001,-0.742523],[39.821201,-0.738981],[39.815655,-0.739884],[39.807983,-0.735823],[39.805321,-0.727003],[39.806946,-0.725875],[39.809517,-0.728627],[39.811413,-0.728266],[39.813217,-0.713197],[39.809517,-0.710738],[39.81245,-0.70582],[39.810692,-0.703925],[39.80505,-0.704647],[39.807713,-0.694676],[39.805412,-0.694789],[39.802525,-0.698127],[39.797974,-0.691219],[39.795555,-0.681233],[39.79985,-0.671033],[39.797596,-0.67012],[39.792229,-0.672697],[39.790455,-0.671865],[39.790833,-0.663866],[39.789005,-0.66043],[39.781864,-0.662792],[39.779503,-0.661772],[39.781704,-0.652055],[39.769627,-0.633936],[39.768551,-0.629292],[39.774673,-0.621615],[39.776875,-0.614636],[39.776123,-0.61265],[39.765118,-0.610825],[39.757545,-0.605483],[39.755989,-0.601027],[39.752876,-0.600973],[39.749439,-0.605053],[39.745895,-0.599953],[39.739777,-0.595954],[39.738705,-0.587579],[39.735588,-0.588277],[39.730865,-0.593592],[39.721901,-0.594048],[39.713902,-0.59088],[39.709553,-0.591364],[39.70472,-0.59437],[39.696934,-0.591551],[39.696236,-0.589297],[39.699833,-0.586344],[39.700157,-0.582103],[39.698223,-0.581834],[39.69323,-0.585753],[39.692051,-0.583821],[39.692696,-0.578506],[39.685608,-0.574426],[39.687649,-0.565111],[39.686146,-0.560709],[39.686413,-0.551636],[39.6833,-0.550938],[39.67868,-0.556361],[39.675945,-0.557327],[39.673691,-0.555931],[39.673637,-0.548925],[39.672348,-0.547368],[39.668266,-0.546831],[39.66526,-0.549247],[39.663273,-0.548925],[39.661396,-0.537812],[39.667999,-0.536524],[39.668644,-0.531585],[39.647491,-0.516526],[39.640244,-0.507104],[39.64003,-0.495454],[39.630634,-0.489898],[39.62886,-0.470866],[39.635303,-0.457284],[39.62505,-0.448452],[39.619469,-0.445876],[39.619305,-0.438306],[39.614635,-0.442547],[39.610931,-0.439809],[39.614204,-0.409772],[39.610554,-0.408161],[39.60218,-0.409557],[39.604973,-0.40341],[39.603897,-0.398042],[39.602825,-0.395948],[39.598099,-0.394337],[39.6003,-0.389452],[39.596703,-0.385801],[39.597832,-0.379735],[39.592892,-0.376245],[39.598152,-0.369159],[39.597904,-0.366938],[39.594101,-0.363972],[39.596848,-0.358729],[39.594734,-0.356502],[39.589653,-0.356884],[39.591946,-0.352026],[39.586998,-0.3471],[39.587524,-0.341405],[39.584724,-0.340488],[39.580654,-0.344176],[39.577919,-0.336731],[39.569279,-0.329961],[39.561733,-0.328736],[39.55864,-0.319806],[39.553997,-0.317162],[39.556061,-0.311231],[39.551159,-0.307298],[39.54845,-0.296466],[39.542713,-0.290211],[39.54007,-0.290147],[39.535297,-0.294435],[39.529625,-0.287729],[39.525822,-0.286762],[39.520664,-0.29624],[39.516022,-0.298883],[39.512604,-0.298174],[39.512215,-0.294467],[39.517117,-0.285634],[39.517376,-0.282023],[39.515053,-0.277703],[39.510025,-0.277316],[39.509315,-0.269869],[39.504868,-0.264969],[39.502094,-0.255491],[39.497902,-0.248334],[39.490166,-0.249366],[39.488426,-0.244143],[39.477077,-0.241467],[39.473919,-0.235278],[39.469791,-0.233021],[39.47121,-0.226702],[39.467342,-0.221125],[39.457348,-0.216161],[39.45322,-0.21068],[39.444904,-0.209842],[39.427299,-0.189758],[39.422531,-0.188533],[39.412472,-0.191498],[39.406475,-0.190467],[39.400223,-0.195431],[39.399319,-0.190854],[39.39687,-0.188388],[39.38995,-0.191692],[39.384102,-0.190522],[39.381382,-0.182571],[39.373833,-0.177999],[39.362423,-0.162703],[39.360008,-0.162781],[39.356842,-0.168082],[39.354397,-0.168529],[39.354324,-0.161201],[39.352631,-0.159747],[39.347298,-0.163947],[39.339142,-0.167096],[39.335831,-0.165158],[39.333973,-0.156961],[39.324688,-0.157849],[39.324284,-0.154942],[39.327835,-0.145493],[39.318386,-0.140325],[39.313297,-0.132975],[39.309746,-0.133803],[39.305,-0.139658],[39.295513,-0.136125],[39.282154,-0.14126],[39.275257,-0.137175],[39.270958,-0.141578],[39.263477,-0.140915],[39.257324,-0.146539],[39.25568,-0.145213],[39.254669,-0.13874],[39.246449,-0.141738],[39.23801,-0.137865],[39.227562,-0.138369],[39.226501,-0.136512],[39.227932,-0.131366],[39.226448,-0.129986],[39.213924,-0.132215],[39.211594,-0.135292],[39.207134,-0.135955],[39.20512,-0.141525],[39.202625,-0.142746],[39.191803,-0.140836],[39.183422,-0.135292],[39.170635,-0.136804],[39.169308,-0.130225],[39.163368,-0.126564],[39.152225,-0.126856],[39.140873,-0.130093],[39.134769,-0.130146],[39.132278,-0.125875],[39.133499,-0.119455],[39.120552,-0.120623],[39.119015,-0.113726],[39.120075,-0.110118],[39.109676,-0.104733],[39.107025,-0.099163],[39.101665,-0.098155],[39.100605,-0.092425],[39.0979,-0.088048],[39.087711,-0.08009],[39.081772,-0.0707],[39.074078,-0.064837],[39.065323,-0.046322],[39.060921,-0.04672],[39.049301,-0.052608],[39.041183,-0.052211],[39.035934,-0.053643],[39.032642,-0.052211],[39.025642,-0.044093],[39.020229,-0.0429],[39.016464,-0.044438],[39.007442,-0.055367],[39.001606,-0.055235],[38.999908,-0.050088],[38.997681,-0.048974],[38.995293,-0.050248],[38.991367,-0.056614],[38.986912,-0.059426],[38.981712,-0.060328],[38.97662,-0.058365],[38.971951,-0.059001],[38.96999,-0.06123],[38.968288,-0.071681],[38.968979,-0.077676],[38.966965,-0.082267],[38.954758,-0.085955],[38.939831,-0.098951],[38.931049,-0.098117],[38.920071,-0.085823],[38.900377,-0.096613],[38.889772,-0.096459],[38.881731,-0.099532],[38.861249,-0.0948],[38.838335,-0.096954],[38.81057,-0.084199],[38.78651,-0.078711],[38.771847,-0.069402],[38.767056,-0.068924],[38.759434,-0.07213],[38.752094,-0.07169],[38.745972,-0.068948],[38.740078,-0.069358],[38.729244,-0.06282],[38.714596,-0.060042],[38.697975,-0.048752],[38.690926,-0.03974],[38.688683,-0.039972],[38.687004,-0.042399],[38.686214,-0.051577],[38.683243,-0.053737],[38.657932,-0.04507],[38.654346,-0.046087],[38.64949,-0.051905],[38.639702,-0.052143],[38.625519,-0.037961],[38.612152,-0.028485],[38.609207,-0.028039],[38.602749,-0.033024],[38.594582,-0.03021],[38.589321,-0.024654],[38.579998,-0.022816],[38.569382,-0.017194],[38.561684,-0.018098],[38.553539,-0.015713],[38.549526,-0.018158],[38.546638,-0.025861],[38.542789,-0.03084],[38.54134,-0.042167],[38.530952,-0.042048],[38.531803,-0.053903],[38.527695,-0.05473],[38.520741,-0.062386],[38.51181,-0.058775],[38.506374,-0.061536],[38.50174,-0.061827],[38.489986,-0.058769],[38.488064,-0.061262],[38.486382,-0.069417],[38.482197,-0.074742],[38.470543,-0.078019],[38.464001,-0.083195],[38.458725,-0.084795],[38.453354,-0.083801],[38.438221,-0.070238],[38.434151,-0.074823],[38.829811,-0.760178],[38.953415,-1.031764],[38.999699,-1.676915],[38.983822,-1.694116],[38.976963,-1.693561],[38.974804,-1.696044],[38.958458,-1.702792],[39.015125,-1.914047],[38.795231,-2.339674],[38.7911,-2.338504],[38.787746,-2.340874],[38.787201,-2.347056],[38.78199,-2.353438],[38.775875,-2.351632],[38.770378,-2.352174],[38.766338,-2.355201],[38.763725,-2.354773],[38.757442,-2.357628],[38.755486,-2.36154],[38.753387,-2.359513],[38.737083,-2.36578],[38.733177,-2.370099],[38.7323,-2.377687],[38.728245,-2.379971],[38.725956,-2.383419],[38.723221,-2.383112],[38.720978,-2.386667],[38.71664,-2.388266],[38.71384,-2.395476],[38.704067,-2.400052],[38.702892,-2.403528],[38.695404,-2.408046],[38.686764,-2.410502],[38.68478,-2.4132],[38.678234,-2.412565],[38.664848,-2.41657],[38.646198,-2.417862],[38.639904,-2.415315],[38.631886,-2.41515],[38.630856,-2.411586],[38.626534,-2.410479],[39.075111,-3.041135],[39.060249,-3.040556],[39.052269,-3.032394],[39.04425,-3.030774],[39.042656,-3.028215],[39.04327,-3.020985],[39.03434,-3.024238],[39.027782,-3.020577],[39.024487,-3.020498],[39.014935,-3.024591],[39.006771,-3.025785],[38.99897,-3.024609],[38.99139,-3.026278],[38.980614,-3.039296],[38.972939,-3.040563],[38.953495,-3.039515],[38.936695,-3.034593],[38.931492,-3.040416],[38.924969,-3.040179],[38.914761,-3.04476],[38.897621,-3.038658],[38.893559,-3.038521],[38.863461,-3.057533],[38.847351,-3.060947],[38.845631,-3.055492],[38.84182,-3.053321],[38.834911,-3.060061],[38.82737,-3.060299],[38.819126,-3.066581],[38.806717,-3.068651],[38.800659,-3.066771],[38.797821,-3.061435],[38.801517,-3.057562],[38.807804,-3.05927],[38.809952,-3.056325],[38.809338,-3.053095],[38.790184,-3.048396],[38.780239,-3.0488],[38.774521,-3.044023],[38.755291,-3.046099],[38.73579,-3.04322],[38.724792,-3.037075],[38.707432,-3.031995],[38.702717,-3.032774],[38.696903,-3.036921],[38.690342,-3.037509],[38.681973,-3.035493],[38.671406,-3.036968],[38.665417,-3.039532],[38.661514,-3.028848],[38.65414,-3.025112],[38.642853,-3.01215],[38.629726,-3.01224],[38.609589,-3.006642],[38.606979,-3.004221],[38.610207,-2.996791],[38.60862,-2.99462],[38.602879,-2.998076],[38.594219,-2.998552],[38.584053,-2.987172],[38.562969,-2.986423],[38.550259,-2.980444],[38.544304,-2.979403],[38.538971,-2.97374],[38.531483,-2.976078],[38.526646,-2.97393],[38.519085,-2.974831],[38.513752,-2.979236],[38.513184,-2.983166],[38.509109,-2.981949],[38.492596,-2.983455],[38.487835,-2.977561],[38.476696,-2.985179],[38.469185,-2.984878],[38.466129,-2.987982],[38.463425,-2.987469],[38.458832,-2.991049],[38.448711,-2.972145],[38.429337,-2.955714],[38.417828,-2.942886],[38.408558,-2.928301],[38.403416,-2.926105],[38.396255,-2.92751],[38.381584,-2.918197],[38.351227,-2.886918],[38.319904,-2.833146],[38.29451,-2.804151],[38.270611,-2.770016],[38.261211,-2.760527],[38.23653,-2.742172],[38.18029,-2.701351],[38.167152,-2.69441],[38.161545,-2.679865],[38.156345,-2.688557],[38.156975,-2.694117],[38.151039,-2.699219],[38.136181,-2.699296],[38.133331,-2.698002],[38.127651,-2.698962],[38.121513,-2.704107],[38.116856,-2.705841],[38.115475,-2.712041],[38.108856,-2.716506],[38.100636,-2.719364],[37.973709,-2.788586],[37.944119,-2.780792],[37.939404,-2.776978],[37.918308,-2.868476],[37.895123,-2.885885],[37.870773,-3.077435],[37.854149,-3.078539],[37.852863,-3.178157],[37.850258,-3.178609],[37.847767,-3.18241],[37.83305,-3.185519],[37.82967,-3.17994],[37.822178,-3.173634],[37.818859,-3.173313],[37.810207,-3.166326],[37.807182,-3.167548],[37.804279,-3.165795],[37.795742,-3.169642],[37.793533,-3.172295],[37.791267,-3.16992],[37.690586,-3.17889],[37.711197,-3.307968],[37.684452,-3.319981],[37.684452,-3.346273],[37.679539,-3.352661],[37.66135,-3.355],[37.618034,-3.39955],[37.584763,-3.438401],[37.584759,-3.45976],[37.597435,-3.455825],[37.609108,-3.460103],[37.618694,-3.457411],[37.622471,-3.462735],[37.622925,-3.471952],[37.617752,-3.485977],[37.613258,-3.493195],[37.612713,-3.497688],[37.606174,-3.501773],[37.601818,-3.509535],[37.60236,-3.515119],[37.604542,-3.51825],[37.619793,-3.518386],[37.669361,-3.506131],[37.681473,-3.511541],[37.684322,-3.510612],[37.696472,-3.525887],[37.72039,-3.528786],[37.727627,-3.537188],[37.744061,-3.542578],[37.746887,-3.549558],[37.748215,-3.561486],[37.760754,-3.617186],[37.783764,-3.673391],[39.191284,-4.658081],[39.193909,-4.667175],[39.202271,-4.665771],[39.203918,-4.670227],[39.206482,-4.671326],[39.206909,-4.67511],[39.212891,-4.674011],[39.218689,-4.676697],[39.220703,-4.670715],[39.225098,-4.6651],[39.220093,-4.66748],[39.218872,-4.670288],[39.213074,-4.665527],[39.210693,-4.659607],[39.214294,-4.658691],[39.213684,-4.662476],[39.215698,-4.663025],[39.219299,-4.659424],[39.220703,-4.650818],[39.218689,-4.650208],[39.213684,-4.652527],[39.211304,-4.650024],[39.210876,-4.64679],[39.214478,-4.643127],[39.215271,-4.635925],[39.217712,-4.633606],[39.221497,-4.634705],[39.2323,-4.630981],[39.229309,-4.629822],[39.223511,-4.632812],[39.222473,-4.631592],[39.223083,-4.628174],[39.226685,-4.62439],[39.226074,-4.622009],[39.230286,-4.623108],[39.230103,-4.620483],[39.232483,-4.619873],[39.226074,-4.616089],[39.233887,-4.611389],[39.235291,-4.612427],[39.235107,-4.615601],[39.237915,-4.616516],[39.238892,-4.61377],[39.237671,-4.611816],[39.241516,-4.611328],[39.240479,-4.606812],[39.241516,-4.606201],[39.242676,-4.609009],[39.24408,-4.608704],[39.245117,-4.60199],[39.248718,-4.603577],[39.247498,-4.605774],[39.249084,-4.609802],[39.246704,-4.612122],[39.248291,-4.612976],[39.254883,-4.606873],[39.253479,-4.602905],[39.256287,-4.602478],[39.25592,-4.59967],[39.257874,-4.597473],[39.262878,-4.599792],[39.261475,-4.601624],[39.262695,-4.602722],[39.264099,-4.602417],[39.264282,-4.600098],[39.268921,-4.599915],[39.264282,-4.597595],[39.262695,-4.594482],[39.260315,-4.594727],[39.255127,-4.591492],[39.251526,-4.591675],[39.252686,-4.588318],[39.251282,-4.58429],[39.2453,-4.582214],[39.244324,-4.577576],[39.242126,-4.576782],[39.241699,-4.569885],[39.243896,-4.566772],[39.252502,-4.575317],[39.259521,-4.578186],[39.262085,-4.582092],[39.266296,-4.579102],[39.271118,-4.578369],[39.272705,-4.580078],[39.272705,-4.583984],[39.274292,-4.58429],[39.2771,-4.578979],[39.277283,-4.582886],[39.279297,-4.583984],[39.283691,-4.575684],[39.294678,-4.566589],[39.30072,-4.568298],[39.306274,-4.56781],[39.311523,-4.565186],[39.316284,-4.566101],[39.318909,-4.563904],[39.31427,-4.557983],[39.31311,-4.55188],[39.316528,-4.55719],[39.319092,-4.556824],[39.319275,-4.558716],[39.32312,-4.56073],[39.327881,-4.5578],[39.330322,-4.560303],[39.33313,-4.559204],[39.335876,-4.566711],[39.332092,-4.567993],[39.329712,-4.565186],[39.328308,-4.56781],[39.321899,-4.570801],[39.318726,-4.576599],[39.316101,-4.59082],[39.320313,-4.59491],[39.316895,-4.598389],[39.312683,-4.599426],[39.308472,-4.606873],[39.313477,-4.605896],[39.318481,-4.6026],[39.317871,-4.606628],[39.325317,-4.609375],[39.3255,-4.612488],[39.322876,-4.610413],[39.319885,-4.611389],[39.321899,-4.613281],[39.319702,-4.61438],[39.319519,-4.617981],[39.317688,-4.613525],[39.313721,-4.613281],[39.308716,-4.622498],[39.309875,-4.63147],[39.311523,-4.631226],[39.311707,-4.633179],[39.313904,-4.633789],[39.317078,-4.63031],[39.316528,-4.633484],[39.318115,-4.634583],[39.318298,-4.631409],[39.319702,-4.63147],[39.319885,-4.633972],[39.323303,-4.637878],[39.327881,-4.638672],[39.328918,-4.640808],[39.340515,-4.63562],[39.3479,-4.634705],[39.379517,-4.645081],[39.391479,-4.645813],[39.402283,-4.643188],[39.403503,-4.636292],[39.396484,-4.621826],[39.396118,-4.615417],[39.391724,-4.606201],[39.390686,-4.596069],[39.389282,-4.594482],[39.39093,-4.59021],[39.393494,-4.5896],[39.394104,-4.580688],[39.391907,-4.580627],[39.388123,-4.589172],[39.386292,-4.581787],[39.387878,-4.580872],[39.388916,-4.576477],[39.385498,-4.562317],[39.383484,-4.562012],[39.383728,-4.559021],[39.379272,-4.55542],[39.374329,-4.554993],[39.376282,-4.551575],[39.375488,-4.539673],[39.37793,-4.53949],[39.377075,-4.543274],[39.388123,-4.544189],[39.390076,-4.545776],[39.392517,-4.543274],[39.389893,-4.547607],[39.39093,-4.552307],[39.393921,-4.551819],[39.395691,-4.5495],[39.403931,-4.547607],[39.405273,-4.54541],[39.406921,-4.545898],[39.406677,-4.548279],[39.409729,-4.547729],[39.412476,-4.535095],[39.415283,-4.531799],[39.41687,-4.531311],[39.424683,-4.535217],[39.426697,-4.533081],[39.424072,-4.515686],[39.421509,-4.517517],[39.422485,-4.514587],[39.427673,-4.511169],[39.435486,-4.513977],[39.436523,-4.51709],[39.438293,-4.517029],[39.43988,-4.511597],[39.443298,-4.509705],[39.443115,-4.503296],[39.451477,-4.514771],[39.457092,-4.517578],[39.4599,-4.523987],[39.458313,-4.52832],[39.45929,-4.530212],[39.46228,-4.530273],[39.463501,-4.52301],[39.468139,-4.526868],[39.464905,-4.516418],[39.468506,-4.508606],[39.469482,-4.50238],[39.471291,-4.502218],[39.46991,-4.50061],[39.472717,-4.494812],[39.47389,-4.49643],[39.473694,-4.49231],[39.477905,-4.483826],[39.498004,-4.468371],[39.499027,-4.46327],[39.497493,-4.452559],[39.502353,-4.443378],[39.506445,-4.440828],[39.51408,-4.430154],[39.513864,-4.422466],[39.515362,-4.418868],[39.522561,-4.418385],[39.526398,-4.42068],[39.529467,-4.429862],[39.532537,-4.430117],[39.533304,-4.437513],[39.533875,-4.436096],[39.537397,-4.439043],[39.542769,-4.429862],[39.547373,-4.397472],[39.563169,-4.359979],[39.563808,-4.35322],[39.578644,-4.31394],[39.598181,-4.272936],[39.598756,-4.257949],[39.601442,-4.252146],[39.604096,-4.237669],[39.607549,-4.230527],[39.613241,-4.206547],[39.617494,-4.197714],[39.630283,-4.180621],[39.629272,-4.177979],[39.631466,-4.178197],[39.630676,-4.175293],[39.632713,-4.175838],[39.631897,-4.172729],[39.633481,-4.173286],[39.632507,-4.17041],[39.633673,-4.172457],[39.634277,-4.167786],[39.634792,-4.170193],[39.638917,-4.164198],[39.637695,-4.160706],[39.639396,-4.161519],[39.640611,-4.159893],[39.65225,-4.139355],[39.652534,-4.137413],[39.650879,-4.136475],[39.651306,-4.134888],[39.65273,-4.136453],[39.653977,-4.134348],[39.653076,-4.1297],[39.654456,-4.132626],[39.675208,-4.092314],[39.674408,-4.083926],[39.661427,-4.08214],[39.653561,-4.074103],[39.651147,-4.075187],[39.649116,-4.081183],[39.645823,-4.083431],[39.647198,-4.07836],[39.649708,-4.076654],[39.642546,-4.06892],[39.639676,-4.05208],[39.63771,-4.050501],[39.636606,-4.053531],[39.637726,-4.059192],[39.629812,-4.063801],[39.620491,-4.059958],[39.614992,-4.062381],[39.593129,-4.065308],[39.592697,-4.073465],[39.587891,-4.077881],[39.590395,-4.085377],[39.587273,-4.087224],[39.586222,-4.09119],[39.593079,-4.105896],[39.588501,-4.109375],[39.585876,-4.115479],[39.586304,-4.116882],[39.590881,-4.116272],[39.578491,-4.119202],[39.58429,-4.117798],[39.581299,-4.115784],[39.580505,-4.117981],[39.576721,-4.119507],[39.577515,-4.118103],[39.582275,-4.111877],[39.584208,-4.098365],[39.570898,-4.085879],[39.578452,-4.080067],[39.579891,-4.075976],[39.579316,-4.072819],[39.574999,-4.071025],[39.572337,-4.066073],[39.569388,-4.055237],[39.565719,-4.048707],[39.56615,-4.044401],[39.571474,-4.038947],[39.581906,-4.039162],[39.579388,-4.033636],[39.568668,-4.026352],[39.564675,-4.025832],[39.558129,-4.030174],[39.55356,-4.030712],[39.552589,-4.029169],[39.553956,-4.030102],[39.559891,-4.028182],[39.561546,-4.026639],[39.560323,-4.024845],[39.562049,-4.026065],[39.564855,-4.024522],[39.56169,-4.024235],[39.563668,-4.023446],[39.561294,-4.020952],[39.565683,-4.024576]],[[40.663586,-2.467899],[40.485157,-2.411559],[40.663663,-2.467885],[40.663586,-2.467899]],[[39.217309,-3.072803],[39.217133,-3.072445],[39.217309,-3.072803],[39.217309,-3.072803]],[[39.218472,-3.069168],[39.218487,-3.06915],[39.218373,-3.069503],[39.218472,-3.069168]],[[39.649475,-3.933289],[39.649902,-3.934021],[39.649292,-3.933289],[39.649475,-3.933289]],[[39.567505,-3.992981],[39.567377,-3.992775],[39.569519,-3.987183],[39.567505,-3.992981]],[[39.566284,-4.012207],[39.566711,-4.010803],[39.566528,-4.011475],[39.566284,-4.012207]],[[39.566711,-4.017212],[39.566284,-4.015991],[39.566528,-4.016602],[39.566711,-4.017212]],[[38.927509,-3.695457],[39.036926,-3.759705],[38.945313,-3.958923],[38.704868,-4.044843],[38.945271,-3.958907],[39.036831,-3.759743],[38.927509,-3.695457]],[[38.965076,-3.631795],[38.941623,-3.671467],[38.964993,-3.631745],[38.965076,-3.631795]],[[39.155882,-3.315708],[39.092205,-3.567123],[39.062944,-3.682651],[39.155882,-3.315708]],[[39.568115,-3.974609],[39.569092,-3.974304],[39.567892,-3.974928],[39.568115,-3.974609]]],[[[39.666136,-4.030514],[39.660093,-4.030335],[39.652695,-4.033851],[39.649865,-4.038779],[39.643939,-4.037658],[39.640869,-4.039954],[39.641684,-4.044344],[39.647056,-4.05097],[39.647955,-4.061089],[39.652536,-4.062931],[39.655881,-4.067846],[39.657914,-4.066567],[39.657182,-4.069999],[39.659712,-4.070537],[39.660324,-4.072858],[39.662506,-4.072499],[39.662938,-4.068444],[39.663729,-4.072475],[39.662422,-4.074496],[39.664964,-4.078383],[39.669388,-4.079555],[39.672722,-4.079053],[39.676229,-4.074305],[39.682866,-4.071123],[39.680426,-4.059818],[39.67511,-4.054199],[39.678639,-4.047128],[39.673807,-4.0472],[39.671481,-4.045406],[39.670501,-4.041566],[39.675165,-4.038576],[39.675273,-4.035717],[39.6711,-4.035203],[39.666136,-4.030514]]],[[[39.664307,-3.990112],[39.666077,-3.992676],[39.667297,-3.988586],[39.666321,-3.988525],[39.664307,-3.990112]]],[[[39.612305,-3.959412],[39.611877,-3.960999],[39.614685,-3.960693],[39.614502,-3.959412],[39.612305,-3.959412]]],[[[39.966919,-3.392578],[39.968506,-3.393005],[39.967529,-3.391785],[39.966919,-3.392578]]],[[[39.979126,-3.364685],[39.985474,-3.357117],[39.979126,-3.358887],[39.979126,-3.364685]]],[[[39.963928,-3.357727],[39.964478,-3.350708],[39.96228,-3.357117],[39.94989,-3.358398],[39.94812,-3.359802],[39.954712,-3.365784],[39.9599,-3.365112],[39.963928,-3.357727]]],[[[39.987305,-3.346802],[39.986084,-3.348083],[39.986694,-3.349609],[39.987915,-3.348511],[39.987305,-3.346802]]],[[[39.968872,-3.349182],[39.973328,-3.351074],[39.976685,-3.349487],[39.973877,-3.344604],[39.973511,-3.340271],[39.969727,-3.338013],[39.96991,-3.342224],[39.967285,-3.34552],[39.968872,-3.349182]]],[[[40.166504,-2.979126],[40.167725,-2.980408],[40.173096,-2.971313],[40.170471,-2.972473],[40.170288,-2.974976],[40.166504,-2.979126]]],[[[40.176086,-2.96991],[40.176697,-2.974976],[40.177673,-2.972473],[40.176331,-2.967712],[40.169922,-2.959473],[40.169922,-2.960571],[40.176086,-2.96991]]],[[[40.159729,-2.969299],[40.161316,-2.969421],[40.161682,-2.959473],[40.160095,-2.954773],[40.157715,-2.961426],[40.159729,-2.969299]]],[[[40.164307,-2.946411],[40.161682,-2.927002],[40.164124,-2.913696],[40.169495,-2.897278],[40.166504,-2.901123],[40.159729,-2.928101],[40.160889,-2.931519],[40.159302,-2.935181],[40.162292,-2.939575],[40.162476,-2.946228],[40.164307,-2.946411]]],[[[40.170288,-2.881226],[40.170715,-2.866699],[40.168274,-2.868103],[40.167114,-2.871826],[40.170288,-2.881226]]],[[[40.184692,-2.814697],[40.184875,-2.809326],[40.182495,-2.810181],[40.184692,-2.814697]]],[[[40.179077,-2.807922],[40.180115,-2.808899],[40.180481,-2.807007],[40.179077,-2.807922]]],[[[40.174072,-2.792725],[40.174316,-2.788574],[40.169128,-2.785095],[40.168274,-2.787781],[40.172485,-2.789307],[40.172302,-2.792114],[40.174072,-2.792725]]],[[[40.163879,-2.787292],[40.16571,-2.787476],[40.1651,-2.780579],[40.160889,-2.780701],[40.163879,-2.787292]]],[[[40.180908,-2.779785],[40.182678,-2.781616],[40.185913,-2.77301],[40.184082,-2.770996],[40.183289,-2.775513],[40.180908,-2.779785]]],[[[40.172485,-2.77533],[40.173523,-2.776611],[40.177124,-2.7724],[40.176331,-2.76947],[40.1745,-2.77002],[40.172485,-2.77533]]],[[[40.17511,-2.765808],[40.181091,-2.758728],[40.180298,-2.758789],[40.17511,-2.765808]]],[[[40.184875,-2.754211],[40.191711,-2.742676],[40.18927,-2.74292],[40.184875,-2.754211]]],[[[40.185486,-2.746399],[40.185913,-2.746582],[40.187683,-2.740906],[40.185486,-2.746399]]],[[[40.182922,-2.74469],[40.180908,-2.739685],[40.177673,-2.740784],[40.174072,-2.745117],[40.175293,-2.747192],[40.182922,-2.74469]]],[[[40.16748,-2.738892],[40.170288,-2.737915],[40.169312,-2.735229],[40.16748,-2.738892]]],[[[40.169678,-2.730896],[40.170105,-2.73291],[40.172302,-2.733582],[40.171509,-2.730225],[40.169678,-2.730896]]],[[[40.717529,-2.29541],[40.710083,-2.293213],[40.710876,-2.300415],[40.718689,-2.304077],[40.717529,-2.301025],[40.719299,-2.297485],[40.717529,-2.29541]]],[[[40.778687,-2.287109],[40.782898,-2.286621],[40.782288,-2.283081],[40.784729,-2.27887],[40.782715,-2.278687],[40.780518,-2.280884],[40.777527,-2.285522],[40.778687,-2.287109]]],[[[40.75769,-2.273987],[40.757874,-2.276001],[40.760071,-2.276428],[40.759888,-2.274719],[40.75769,-2.273987]]],[[[40.786499,-2.272888],[40.786316,-2.276917],[40.788086,-2.277771],[40.790894,-2.273804],[40.788879,-2.272278],[40.786499,-2.272888]]],[[[40.758728,-2.263489],[40.75592,-2.260376],[40.753906,-2.261719],[40.755676,-2.267578],[40.761719,-2.266479],[40.768127,-2.262695],[40.766724,-2.261597],[40.758728,-2.263489]]],[[[40.749329,-2.25708],[40.747498,-2.25531],[40.74292,-2.254822],[40.740723,-2.257507],[40.743896,-2.257812],[40.747681,-2.261108],[40.749329,-2.25708]]],[[[40.723083,-2.254028],[40.724304,-2.256104],[40.725098,-2.256104],[40.724304,-2.253784],[40.723083,-2.254028]]],[[[40.814087,-2.330688],[40.816458,-2.338336],[40.825194,-2.334194],[40.826614,-2.335746],[40.836138,-2.323454],[40.846949,-2.313851],[40.858606,-2.30648],[40.874062,-2.300375],[40.894334,-2.296964],[40.90216,-2.298284],[40.907818,-2.301068],[40.913266,-2.300743],[40.916188,-2.294012],[40.903857,-2.272863],[40.901618,-2.265686],[40.897786,-2.261152],[40.899499,-2.259262],[40.898241,-2.256188],[40.888278,-2.248715],[40.886705,-2.250396],[40.888302,-2.251924],[40.886536,-2.255552],[40.884538,-2.250375],[40.879953,-2.253574],[40.878575,-2.259442],[40.876513,-2.259682],[40.875206,-2.255605],[40.874981,-2.259064],[40.8728,-2.261335],[40.871262,-2.260747],[40.870337,-2.256567],[40.869386,-2.260588],[40.866953,-2.260672],[40.867772,-2.261872],[40.860965,-2.259521],[40.858699,-2.263123],[40.855959,-2.25911],[40.853816,-2.260896],[40.851712,-2.259188],[40.850554,-2.261973],[40.845333,-2.26278],[40.844336,-2.261517],[40.840571,-2.26649],[40.841928,-2.267802],[40.838481,-2.267002],[40.837883,-2.27048],[40.836042,-2.271122],[40.839724,-2.276316],[40.843092,-2.276476],[40.844398,-2.278019],[40.842044,-2.280061],[40.849449,-2.281564],[40.84355,-2.283262],[40.836725,-2.281849],[40.834599,-2.282784],[40.828055,-2.278712],[40.825838,-2.280311],[40.826507,-2.282301],[40.822116,-2.282141],[40.819675,-2.287496],[40.816711,-2.288513],[40.816895,-2.297974],[40.813477,-2.297607],[40.815918,-2.31488],[40.814087,-2.316284],[40.814087,-2.330688]]],[[[40.974304,-2.223328],[40.968872,-2.220093],[40.967529,-2.222412],[40.965271,-2.2229],[40.965881,-2.226501],[40.96991,-2.2276],[40.9729,-2.23291],[40.968689,-2.237488],[40.970276,-2.240906],[40.968872,-2.243408],[40.971924,-2.243591],[40.973877,-2.24762],[40.97168,-2.249817],[40.967529,-2.248779],[40.966125,-2.253113],[40.962891,-2.256409],[40.959106,-2.25531],[40.95813,-2.250793],[40.954895,-2.249329],[40.963684,-2.242187],[40.961914,-2.237305],[40.956482,-2.235779],[40.955688,-2.230286],[40.951721,-2.231506],[40.946472,-2.229675],[40.946106,-2.231323],[40.948914,-2.233215],[40.94928,-2.236023],[40.944275,-2.238403],[40.941895,-2.245117],[40.936279,-2.25238],[40.937073,-2.2547],[40.942078,-2.256592],[40.938477,-2.259827],[40.931519,-2.255005],[40.933472,-2.242371],[40.937927,-2.237183],[40.931519,-2.235474],[40.928101,-2.237122],[40.925293,-2.22937],[40.924072,-2.2323],[40.916077,-2.224609],[40.904724,-2.220886],[40.901917,-2.222595],[40.902527,-2.233215],[40.909485,-2.252686],[40.9151,-2.258179],[40.927917,-2.278381],[40.934326,-2.281799],[40.944702,-2.279114],[40.954712,-2.2854],[40.963318,-2.277222],[40.964294,-2.278015],[40.960876,-2.287598],[40.956116,-2.292297],[40.955505,-2.2948],[40.9505,-2.291992],[40.946899,-2.294495],[40.937317,-2.289185],[40.932495,-2.2901],[40.92572,-2.294678],[40.924316,-2.297791],[40.926514,-2.298401],[40.922913,-2.300781],[40.921509,-2.296082],[40.913086,-2.306885],[40.916504,-2.314026],[40.923889,-2.317688],[40.938477,-2.316284],[40.951294,-2.309998],[40.959106,-2.302307],[40.959473,-2.29657],[40.968079,-2.287292],[40.968689,-2.280579],[40.975281,-2.270813],[40.988281,-2.257629],[40.985291,-2.256226],[40.984924,-2.247681],[40.977478,-2.236023],[40.974304,-2.223328]]],[[[40.815918,-2.251099],[40.821289,-2.249023],[40.82428,-2.242798],[40.82251,-2.243225],[40.815918,-2.251099]]],[[[40.812317,-2.242126],[40.812073,-2.243408],[40.816528,-2.240784],[40.812317,-2.242126]]],[[[40.816711,-2.235107],[40.815674,-2.233521],[40.81189,-2.233826],[40.809326,-2.236877],[40.811707,-2.237183],[40.816711,-2.235107]]],[[[40.929871,-2.227905],[40.930481,-2.229675],[40.932922,-2.229614],[40.931519,-2.2276],[40.929871,-2.227905]]],[[[40.93988,-2.225708],[40.941284,-2.228271],[40.942505,-2.22821],[40.940918,-2.224792],[40.93988,-2.225708]]],[[[40.990723,-2.223694],[40.985291,-2.224121],[40.983276,-2.222778],[40.982483,-2.224609],[40.991089,-2.229309],[40.99231,-2.226624],[40.990723,-2.223694]]],[[[40.976318,-2.160217],[40.977112,-2.161377],[40.978088,-2.160095],[40.976318,-2.160217]]],[[[41.054504,-2.161194],[41.06073,-2.156921],[41.060303,-2.15271],[41.055115,-2.148926],[41.049927,-2.1474],[41.043091,-2.151123],[41.04187,-2.154907],[41.045288,-2.158508],[41.054504,-2.161194]]],[[[40.989502,-2.143616],[40.984314,-2.139587],[40.980103,-2.141113],[40.978516,-2.143127],[40.978088,-2.148682],[40.975708,-2.149597],[40.975708,-2.151794],[40.979492,-2.151917],[40.988892,-2.146423],[40.989502,-2.143616]]],[[[41.023926,-2.142578],[41.026489,-2.141418],[41.026917,-2.138916],[41.021484,-2.136108],[41.019714,-2.140625],[41.021729,-2.140015],[41.023926,-2.142578]]],[[[41.08252,-2.130676],[41.079895,-2.131226],[41.079712,-2.127991],[41.078674,-2.133789],[41.082886,-2.134583],[41.08252,-2.130676]]],[[[41.058289,-2.087585],[41.043884,-2.083984],[41.043884,-2.08783],[41.03009,-2.091797],[41.019897,-2.101318],[41.011475,-2.096497],[41.00708,-2.096619],[41.004272,-2.099915],[41.003479,-2.105896],[41.005493,-2.116272],[41.001099,-2.110107],[40.999695,-2.113098],[40.994507,-2.108215],[40.996094,-2.099304],[40.993103,-2.100403],[40.990479,-2.098877],[40.973877,-2.104492],[40.970276,-2.109192],[40.970276,-2.114319],[40.973694,-2.116821],[40.976318,-2.116394],[40.98053,-2.118591],[40.983276,-2.117798],[40.984924,-2.124084],[40.98468,-2.132019],[40.99231,-2.134277],[40.996277,-2.138916],[41.012878,-2.138184],[41.016113,-2.135986],[41.016724,-2.133728],[41.008301,-2.127686],[41.008484,-2.125916],[41.014709,-2.123901],[41.019287,-2.125488],[41.019897,-2.122498],[41.026672,-2.118286],[41.035278,-2.109192],[41.051514,-2.10791],[41.053528,-2.102417],[41.060303,-2.093872],[41.060303,-2.089783],[41.058289,-2.087585]]],[[[41.140076,-2.104187],[41.134888,-2.101074],[41.133728,-2.09259],[41.136719,-2.09021],[41.131287,-2.086609],[41.131897,-2.093018],[41.13031,-2.097412],[41.125305,-2.101379],[41.127319,-2.106628],[41.141907,-2.113525],[41.150879,-2.112488],[41.153076,-2.110596],[41.154114,-2.107117],[41.149719,-2.106628],[41.149719,-2.101807],[41.145874,-2.100525],[41.140076,-2.104187]]],[[[40.996277,-2.096985],[40.9953,-2.092102],[40.99292,-2.094177],[40.996277,-2.096985]]],[[[41.085876,-2.053101],[41.083923,-2.048828],[41.081116,-2.053528],[41.080872,-2.059204],[41.076721,-2.061218],[41.082092,-2.064514],[41.078491,-2.073425],[41.07428,-2.07782],[41.059326,-2.082825],[41.062683,-2.086182],[41.063721,-2.094116],[41.068115,-2.09729],[41.06427,-2.099487],[41.061523,-2.096008],[41.057495,-2.098022],[41.057129,-2.102417],[41.054077,-2.105591],[41.052673,-2.118713],[41.054688,-2.119629],[41.058105,-2.116699],[41.058105,-2.119019],[41.053284,-2.129883],[41.048706,-2.129028],[41.048523,-2.131287],[41.045471,-2.133423],[41.051086,-2.13147],[41.056885,-2.134583],[41.065308,-2.130005],[41.077087,-2.127319],[41.072876,-2.124695],[41.067871,-2.125],[41.071289,-2.120483],[41.077087,-2.118591],[41.078308,-2.120911],[41.079895,-2.119324],[41.078308,-2.115784],[41.0755,-2.115723],[41.076721,-2.113281],[41.075073,-2.112305],[41.080078,-2.110596],[41.081482,-2.115906],[41.087097,-2.116394],[41.089294,-2.114502],[41.089722,-2.110718],[41.091919,-2.115417],[41.084717,-2.11731],[41.083496,-2.118896],[41.084473,-2.129272],[41.090088,-2.130676],[41.089294,-2.133423],[41.086731,-2.132874],[41.085083,-2.134888],[41.090088,-2.135071],[41.094482,-2.138],[41.104309,-2.137695],[41.112305,-2.133423],[41.114075,-2.129272],[41.112488,-2.12677],[41.110291,-2.126709],[41.10968,-2.12439],[41.104675,-2.123108],[41.106506,-2.121521],[41.105286,-2.11908],[41.108887,-2.113892],[41.107117,-2.109314],[41.104492,-2.108521],[41.106079,-2.104919],[41.094482,-2.097595],[41.09967,-2.097412],[41.098511,-2.094971],[41.101074,-2.095215],[41.101685,-2.09137],[41.107727,-2.087585],[41.109497,-2.0802],[41.112671,-2.078003],[41.114502,-2.080017],[41.11853,-2.078369],[41.123901,-2.080872],[41.134888,-2.081421],[41.139893,-2.088623],[41.14032,-2.092224],[41.137329,-2.093506],[41.138916,-2.094971],[41.144897,-2.094299],[41.148926,-2.088684],[41.15033,-2.089294],[41.150879,-2.094788],[41.158508,-2.087219],[41.160889,-2.080688],[41.163696,-2.080811],[41.164673,-2.076599],[41.161499,-2.071777],[41.153931,-2.06897],[41.146484,-2.068481],[41.1427,-2.066711],[41.137329,-2.060974],[41.134277,-2.062317],[41.136902,-2.06311],[41.141907,-2.070129],[41.127319,-2.072327],[41.126282,-2.071228],[41.131287,-2.070679],[41.132324,-2.067688],[41.127502,-2.065674],[41.125671,-2.061096],[41.121094,-2.057373],[41.114929,-2.057983],[41.11792,-2.06488],[41.11731,-2.066895],[41.111328,-2.061096],[41.106689,-2.052979],[41.09967,-2.049622],[41.09552,-2.050415],[41.0979,-2.054321],[41.09729,-2.056396],[41.09552,-2.054077],[41.085876,-2.053101]]],[[[40.999512,-2.091614],[40.999084,-2.090088],[40.996277,-2.090088],[40.996887,-2.091492],[40.999512,-2.091614]]],[[[41.10791,-2.049988],[41.10968,-2.053589],[41.112122,-2.052612],[41.111084,-2.048523],[41.10791,-2.049988]]],[[[41.102722,-2.048096],[41.103271,-2.050476],[41.105896,-2.051025],[41.104919,-2.047913],[41.102722,-2.048096]]],[[[40.973511,-2.050476],[40.974121,-2.049011],[40.97113,-2.045776],[40.97113,-2.041626],[40.968689,-2.040894],[40.966492,-2.046387],[40.966919,-2.050903],[40.973511,-2.050476]]],[[[41.206909,-2.004211],[41.201477,-2.002502],[41.203918,-2.004883],[41.203491,-2.00708],[41.202087,-2.00769],[41.200928,-2.005798],[41.200073,-2.006714],[41.204285,-2.011475],[41.212524,-2.012024],[41.213684,-2.014893],[41.21228,-2.008789],[41.206909,-2.004211]]],[[[41.180298,-1.986084],[41.17688,-1.983826],[41.174683,-1.989624],[41.176086,-1.98999],[41.180298,-1.986084]]],[[[41.154907,-1.974182],[41.152283,-1.97467],[41.149719,-1.978027],[41.150085,-1.980774],[41.146912,-1.9823],[41.145081,-1.97998],[41.14447,-1.982422],[41.142273,-1.983582],[41.152527,-1.985291],[41.152283,-1.981873],[41.15448,-1.98053],[41.156677,-1.985596],[41.162109,-1.984314],[41.163086,-1.978027],[41.154907,-1.974182]]],[[[41.183289,-1.97998],[41.186279,-1.982178],[41.187927,-1.979004],[41.1875,-1.969177],[41.185913,-1.96991],[41.185913,-1.973511],[41.181519,-1.974609],[41.184509,-1.977417],[41.183289,-1.97998]]],[[[41.164917,-1.962524],[41.164673,-1.956787],[41.166077,-1.95459],[41.16333,-1.955688],[41.161926,-1.958313],[41.161316,-1.955322],[41.158508,-1.955811],[41.158081,-1.958618],[41.155518,-1.955994],[41.152527,-1.960815],[41.149719,-1.960571],[41.149902,-1.958374],[41.148682,-1.959106],[41.147278,-1.962097],[41.148315,-1.964478],[41.145874,-1.964294],[41.143677,-1.968079],[41.145325,-1.970093],[41.155701,-1.969788],[41.167908,-1.96698],[41.171875,-1.962891],[41.175476,-1.965698],[41.176514,-1.965027],[41.1745,-1.963318],[41.174927,-1.960022],[41.173523,-1.958618],[41.168274,-1.958679],[41.164917,-1.962524]]],[[[41.184692,-1.951782],[41.186523,-1.947571],[41.185913,-1.943604],[41.184692,-1.948181],[41.181702,-1.947815],[41.184692,-1.951782]]],[[[41.206116,-1.928711],[41.206482,-1.93042],[41.208496,-1.930786],[41.209717,-1.92627],[41.208923,-1.926086],[41.206116,-1.928711]]],[[[41.2099,-1.913086],[41.205872,-1.914612],[41.206116,-1.920227],[41.211487,-1.918518],[41.2099,-1.913086]]],[[[41.212708,-1.908997],[41.209473,-1.908386],[41.208496,-1.906128],[41.206909,-1.906494],[41.208679,-1.911926],[41.212708,-1.908997]]],[[[41.278931,-2.001404],[41.279724,-1.997925],[41.286926,-1.98938],[41.289673,-1.983215],[41.303284,-1.970886],[41.305115,-1.968079],[41.304504,-1.964478],[41.301086,-1.965271],[41.282898,-1.985474],[41.280701,-1.98999],[41.276672,-1.994019],[41.273682,-1.994873],[41.272095,-1.99762],[41.272522,-2.001099],[41.270325,-2.001099],[41.26947,-2.003906],[41.267517,-2.002991],[41.249695,-2.029907],[41.253906,-2.027405],[41.256104,-2.028809],[41.257874,-2.023621],[41.265686,-2.013611],[41.278931,-2.001404]]],[[[41.253723,-1.961792],[41.253906,-1.960205],[41.250305,-1.957275],[41.24707,-1.958923],[41.249695,-1.960999],[41.253723,-1.961792]]],[[[41.239319,-1.956787],[41.237305,-1.957581],[41.244324,-1.959229],[41.239319,-1.956787]]],[[[41.24408,-1.956726],[41.24353,-1.955078],[41.239929,-1.955078],[41.24408,-1.956726]]],[[[41.23468,-1.955383],[41.236511,-1.956482],[41.237488,-1.953796],[41.23468,-1.955383]]],[[[41.280273,-1.94989],[41.27948,-1.946777],[41.275085,-1.947571],[41.273682,-1.951904],[41.27533,-1.953613],[41.27533,-1.957581],[41.276917,-1.956482],[41.280273,-1.94989]]],[[[41.262329,-1.945984],[41.263672,-1.947998],[41.267517,-1.946472],[41.266113,-1.94519],[41.262329,-1.945984]]],[[[41.343506,-1.925415],[41.340881,-1.921387],[41.339905,-1.92218],[41.341125,-1.925171],[41.337891,-1.922791],[41.337891,-1.927307],[41.329285,-1.935608],[41.324707,-1.943726],[41.325684,-1.943726],[41.343506,-1.925415]]],[[[41.230713,-1.924927],[41.233276,-1.928528],[41.233704,-1.926697],[41.231506,-1.923584],[41.230713,-1.924927]]],[[[41.211914,-1.923401],[41.211731,-1.924927],[41.213684,-1.922302],[41.211304,-1.920776],[41.20929,-1.923584],[41.211914,-1.923401]]],[[[41.239685,-1.920288],[41.239075,-1.923401],[41.243286,-1.919373],[41.241699,-1.918884],[41.239685,-1.920288]]],[[[41.343079,-1.914795],[41.34729,-1.914307],[41.341675,-1.912903],[41.33728,-1.918701],[41.338501,-1.919189],[41.343079,-1.914795]]],[[[41.221497,-1.915527],[41.221497,-1.91803],[41.2229,-1.918274],[41.225098,-1.914307],[41.223877,-1.913818],[41.221497,-1.915527]]],[[[41.348511,-1.921082],[41.361511,-1.908813],[41.361511,-1.905823],[41.357483,-1.905579],[41.3573,-1.908325],[41.351318,-1.913879],[41.348511,-1.921082]]],[[[41.225281,-1.911499],[41.231689,-1.909729],[41.23468,-1.905518],[41.228699,-1.905273],[41.225281,-1.911499]]],[[[41.368896,-1.905701],[41.36792,-1.906799],[41.368713,-1.907104],[41.368896,-1.905701]]],[[[41.364319,-1.905396],[41.364685,-1.906189],[41.367126,-1.904175],[41.364319,-1.905396]]],[[[41.373108,-1.893494],[41.38031,-1.886292],[41.376892,-1.885681],[41.373108,-1.893494]]],[[[41.43811,-1.836975],[41.437073,-1.834595],[41.433289,-1.835022],[41.434692,-1.836792],[41.432678,-1.836182],[41.428894,-1.84198],[41.410889,-1.851624],[41.384521,-1.885498],[41.386475,-1.88562],[41.393127,-1.877808],[41.421509,-1.8526],[41.424072,-1.848022],[41.431091,-1.844727],[41.43811,-1.836975]]],[[[41.4021,-1.857117],[41.398682,-1.85498],[41.392883,-1.861023],[41.395081,-1.861389],[41.4021,-1.857117]]],[[[41.43988,-1.83197],[41.439087,-1.833618],[41.439514,-1.835083],[41.441101,-1.832581],[41.43988,-1.83197]]],[[[41.44928,-1.822815],[41.44989,-1.823608],[41.450684,-1.821716],[41.44928,-1.822815]]],[[[41.436279,-1.821777],[41.436707,-1.823792],[41.439087,-1.818726],[41.436279,-1.821777]]],[[[41.451721,-1.81897],[41.455322,-1.814087],[41.455322,-1.810608],[41.454895,-1.810913],[41.451721,-1.81897]]],[[[41.473694,-1.803406],[41.476318,-1.802124],[41.476318,-1.799622],[41.473694,-1.803406]]],[[[41.484131,-1.782776],[41.483276,-1.785095],[41.483521,-1.785522],[41.48468,-1.784973],[41.484131,-1.782776]]],[[[41.484314,-1.781311],[41.485718,-1.781799],[41.485291,-1.780212],[41.484314,-1.781311]]],[[[41.504517,-1.758423],[41.504517,-1.755127],[41.510925,-1.751404],[41.512695,-1.748291],[41.511902,-1.747192],[41.502319,-1.753601],[41.502075,-1.755371],[41.499512,-1.754517],[41.496277,-1.758423],[41.49469,-1.765808],[41.492126,-1.765625],[41.491882,-1.767029],[41.494324,-1.768921],[41.504517,-1.758423]]],[[[41.509705,-1.747375],[41.510925,-1.745422],[41.508911,-1.741699],[41.50708,-1.741882],[41.509705,-1.747375]]]]},"properties":{"REGION":"Coast Region","county_count":6,"counties":"Mombasa, Kwale, Kilifi, Tana River, Lamu, Taita Taveta","RegionalHQ":"Mombasa","Colour":"#0400ff"},"bbox":[37.584759,-4.702209,41.562073,-0.015713]},{"type":"Feature","geometry":{"type":"Polygon","coordinates":[[[38.953415,-1.031764],[38.829811,-0.760178],[38.434151,-0.074823],[38.427273,-0.073689],[38.420704,-0.069285],[38.419285,-0.065825],[38.414734,-0.065197],[38.411648,-0.062517],[38.412769,-0.05899],[38.410576,-0.055661],[38.413551,-0.05077],[38.410629,-0.049691],[38.41066,-0.045468],[38.406685,-0.041364],[38.407101,-0.037021],[38.405014,-0.033466],[38.40477,-0.028146],[38.407364,-0.027123],[38.400772,-0.02191],[38.400047,-0.019342],[38.402317,-0.017355],[38.401592,-0.014119],[38.398712,-0.014095],[38.393562,-0.010779],[38.394787,-0.007564],[38.386082,-0.00297],[38.38007,-0.0019],[38.377666,0.005916],[38.372005,0.007118],[38.366425,0.016671],[38.357857,0.022001],[38.355171,0.032709],[38.357643,0.039978],[38.345081,0.046165],[38.349899,0.062726],[38.341202,0.062262],[38.339752,0.064855],[38.341034,0.069222],[38.335979,0.072589],[38.330544,0.07291],[38.324821,0.078002],[38.32444,0.081702],[38.329639,0.09304],[38.32983,0.096716],[38.322071,0.099917],[38.319241,0.108626],[38.312244,0.109554],[38.308235,0.113551],[38.305389,0.122438],[38.306984,0.131742],[38.298668,0.160105],[38.28833,0.166506],[38.286179,0.171039],[38.279144,0.176916],[38.267212,0.182068],[38.263847,0.185292],[38.262764,0.19224],[38.258812,0.19412],[38.254314,0.199628],[38.245621,0.203911],[38.24419,0.207111],[38.240921,0.205957],[38.238445,0.206921],[38.234329,0.212929],[38.229,0.216487],[38.221729,0.216225],[38.213783,0.221507],[38.201515,0.226445],[38.199173,0.225136],[38.197838,0.226123],[38.19651,0.228681],[38.1959,0.322502],[38.176544,0.330056],[38.094578,0.563133],[38.061295,0.667437],[37.825977,0.561775],[37.58646,0.481161],[37.584431,0.474382],[37.586678,0.473724],[37.586594,0.468628],[37.581814,0.463392],[37.581188,0.460687],[37.582363,0.455507],[37.58099,0.451763],[37.582363,0.450058],[37.58099,0.442366],[37.58144,0.420017],[37.585629,0.401721],[37.598759,0.401492],[37.603241,0.360731],[37.592171,0.340099],[37.580826,0.327519],[37.555462,0.327821],[37.552685,0.324028],[37.549511,0.315974],[37.547333,0.314766],[37.54842,0.30811],[37.550388,0.306168],[37.550007,0.295366],[37.546597,0.287407],[37.548492,0.284778],[37.547665,0.279069],[37.54483,0.276913],[37.544914,0.27419],[37.542927,0.27175],[37.538589,0.269405],[37.537052,0.263981],[37.46418,0.282957],[37.427788,0.2978],[37.399509,0.296196],[37.399548,0.283995],[37.383991,0.27316],[37.378792,0.273508],[37.374615,0.271195],[37.372459,0.262712],[37.364273,0.258864],[37.362877,0.254956],[37.359745,0.2537],[37.36208,0.248141],[37.366955,0.2465],[37.363224,0.242347],[37.363773,0.237473],[37.359344,0.233096],[37.35487,0.223969],[37.354645,0.216781],[37.351585,0.213424],[37.351315,0.209718],[37.348099,0.207322],[37.348572,0.196299],[37.333614,0.192256],[37.338089,0.184198],[37.329136,0.182408],[37.321976,0.183303],[37.307201,0.179722],[37.30228,0.171664],[37.280792,0.152416],[37.281689,0.134063],[37.279003,0.128244],[37.26236,0.11218],[37.253399,0.098093],[37.250431,0.097646],[37.248028,0.105087],[37.235046,0.102457],[37.23354,0.083672],[37.223003,0.076723],[37.202808,0.068593],[37.188759,0.058998],[37.153683,0.05125],[37.139721,0.040716],[37.110638,0.039139],[37.0881,0.022645],[37.103245,0.006506],[37.110302,-0.012908],[37.122772,-0.024758],[37.1315,-0.029827],[37.130466,-0.036871],[37.13541,-0.041344],[37.307785,-0.151074],[37.414764,-0.394895],[37.421116,-0.404075],[37.421009,-0.40813],[37.42342,-0.408447],[37.422878,-0.418151],[37.424629,-0.433742],[37.420898,-0.443716],[37.426056,-0.45015],[37.426266,-0.468215],[37.422211,-0.482454],[37.422821,-0.486394],[37.428074,-0.495246],[37.425388,-0.499053],[37.424591,-0.503812],[37.426067,-0.510503],[37.432209,-0.520579],[37.436722,-0.522752],[37.439121,-0.527],[37.443825,-0.528539],[37.446953,-0.544389],[37.449478,-0.54862],[37.459511,-0.550845],[37.461193,-0.556535],[37.469799,-0.557014],[37.472523,-0.559846],[37.477089,-0.576842],[37.483257,-0.582625],[37.482204,-0.589194],[37.4785,-0.590607],[37.477169,-0.594524],[37.478249,-0.597189],[37.47591,-0.600167],[37.482037,-0.604018],[37.487282,-0.615311],[37.485371,-0.625258],[37.481327,-0.625505],[37.478939,-0.62753],[37.477913,-0.640575],[37.472111,-0.650322],[37.47361,-0.659856],[37.477467,-0.668684],[37.476196,-0.677579],[37.473911,-0.680903],[37.473888,-0.685973],[37.478088,-0.689838],[37.479065,-0.693988],[37.476841,-0.706954],[37.478455,-0.714629],[37.482758,-0.715748],[37.484085,-0.719219],[37.487061,-0.71816],[37.48988,-0.72271],[37.492157,-0.723696],[37.49292,-0.72796],[37.495888,-0.731811],[37.491859,-0.733267],[37.485291,-0.730233],[37.479012,-0.72946],[37.473251,-0.726117],[37.462925,-0.730435],[37.463223,-0.73473],[37.461933,-0.736253],[37.438908,-0.733614],[37.419182,-0.748195],[37.401299,-0.748859],[37.396156,-0.751835],[37.381817,-0.755697],[37.376259,-0.76037],[37.370064,-0.758462],[37.368378,-0.761167],[37.368942,-0.763508],[37.358921,-0.768856],[37.344265,-0.769302],[37.327049,-0.763665],[37.322735,-0.761021],[37.317245,-0.749429],[37.305531,-0.749006],[37.296658,-0.754412],[37.287212,-0.75594],[37.275249,-0.755579],[37.266209,-0.778023],[37.267288,-0.785334],[37.270947,-0.786192],[37.285721,-0.782894],[37.294033,-0.793312],[37.298725,-0.795046],[37.300629,-0.798455],[37.304535,-0.800071],[37.305466,-0.81287],[37.310581,-0.815186],[37.312794,-0.818969],[37.312645,-0.822456],[37.320049,-0.835465],[37.325607,-0.835223],[37.325985,-0.83661],[37.322918,-0.840072],[37.3288,-0.844436],[37.332993,-0.844338],[37.336651,-0.846452],[37.341911,-0.842185],[37.346512,-0.844286],[37.348763,-0.84193],[37.35099,-0.845372],[37.355812,-0.843311],[37.361843,-0.844214],[37.369717,-0.848971],[37.376194,-0.850293],[37.37616,-0.854618],[37.37965,-0.857425],[37.384556,-0.851902],[37.39027,-0.855141],[37.397884,-0.856057],[37.403946,-0.850862],[37.412098,-0.85026],[37.41357,-0.853224],[37.410645,-0.858583],[37.413166,-0.861102],[37.426075,-0.866004],[37.431198,-0.862398],[37.440517,-0.862398],[37.446682,-0.870198],[37.452984,-0.871631],[37.458263,-0.870883],[37.461994,-0.875514],[37.465675,-0.872586],[37.470432,-0.876728],[37.473671,-0.875858],[37.471375,-0.886177],[37.477337,-0.894023],[37.483025,-0.894959],[37.484432,-0.899323],[37.490261,-0.900966],[37.494343,-0.9048],[37.497124,-0.904623],[37.504292,-0.897262],[37.516323,-0.900043],[37.517918,-0.912676],[37.521168,-0.914591],[37.524345,-0.912246],[37.528332,-0.912462],[37.534351,-0.910219],[37.536625,-0.90413],[37.533672,-0.893848],[37.538864,-0.886729],[37.544441,-0.885009],[37.546589,-0.880969],[37.55249,-0.882198],[37.561131,-0.872969],[37.566174,-0.878487],[37.57642,-0.874789],[37.588413,-0.876181],[37.58897,-0.871654],[37.592445,-0.868555],[37.588093,-0.864075],[37.589138,-0.861993],[37.597668,-0.858794],[37.602985,-0.86025],[37.606506,-0.852977],[37.616203,-0.852898],[37.618176,-0.849911],[37.620331,-0.849489],[37.627079,-0.850233],[37.630184,-0.836973],[37.636208,-0.837037],[37.640987,-0.843588],[37.646816,-0.840263],[37.658405,-0.84573],[37.665501,-0.844122],[37.66621,-0.839823],[37.671211,-0.835934],[37.67205,-0.827301],[37.675262,-0.823825],[37.681675,-0.820917],[37.680298,-0.815753],[37.682365,-0.807049],[37.682266,-0.794387],[37.68808,-0.792649],[37.690445,-0.795193],[37.69252,-0.793173],[37.692902,-0.789768],[37.698902,-0.787762],[37.698948,-0.782887],[37.707726,-0.779852],[37.724709,-0.779045],[37.73291,-0.773391],[37.741615,-0.776093],[37.744553,-0.779113],[37.746922,-0.785156],[37.749874,-0.801653],[37.75531,-0.811498],[37.754776,-0.813967],[37.758125,-0.82188],[37.765945,-0.821594],[37.770779,-0.818715],[37.780315,-0.82365],[37.784359,-0.820059],[37.787338,-0.820957],[37.795731,-0.81588],[37.798149,-0.809674],[37.801983,-0.80657],[37.805492,-0.799847],[37.807831,-0.802671],[37.806828,-0.811851],[37.807961,-0.81373],[37.812416,-0.811024],[37.814613,-0.806451],[37.820343,-0.803391],[37.829075,-0.80462],[37.834038,-0.812182],[37.836765,-0.811839],[37.839024,-0.808637],[37.846035,-0.810825],[37.843765,-0.816264],[37.847641,-0.819575],[37.846413,-0.826385],[37.849251,-0.830784],[37.841446,-0.834331],[37.84206,-0.838588],[37.844757,-0.84029],[37.842014,-0.843222],[37.837616,-0.843554],[37.838512,-0.848118],[37.836433,-0.850719],[37.831985,-0.852327],[37.833786,-0.855354],[37.830521,-0.856631],[37.829433,-0.859043],[37.832081,-0.862826],[37.826878,-0.865309],[37.827732,-0.870938],[37.824516,-0.871174],[37.826077,-0.874437],[37.823097,-0.877275],[37.822906,-0.881059],[37.820683,-0.881295],[37.823048,-0.889265],[37.825035,-0.890163],[37.818604,-0.896926],[37.820446,-0.898865],[37.829861,-0.90071],[37.833927,-0.905321],[37.834587,-0.911328],[37.839272,-0.908679],[37.838562,-0.918966],[37.842533,-0.918351],[37.841587,-0.922182],[37.844475,-0.923365],[37.842724,-0.926486],[37.846981,-0.927337],[37.85067,-0.931074],[37.84911,-0.934337],[37.85218,-0.935992],[37.852467,-0.937742],[37.85062,-0.939658],[37.847263,-0.938712],[37.846745,-0.945995],[37.851143,-0.948833],[37.849583,-0.951718],[37.854122,-0.958221],[37.854168,-0.961248],[37.852562,-0.961154],[37.850952,-0.958221],[37.85062,-0.960066],[37.84523,-0.963755],[37.848255,-0.963376],[37.84906,-0.964843],[37.853413,-0.965552],[37.857998,-0.964559],[37.859135,-0.966687],[37.863342,-0.968011],[37.862728,-0.972788],[37.866844,-0.972031],[37.868214,-0.97468],[37.867081,-0.97669],[37.862209,-0.977352],[37.865662,-0.981372],[37.86079,-0.981467],[37.858662,-0.984115],[37.854218,-0.985298],[37.849628,-0.990004],[37.849819,-0.992652],[37.846554,-0.993693],[37.849533,-1.004689],[37.847359,-1.025428],[37.845467,-1.029543],[37.846745,-1.040657],[37.844852,-1.046924],[37.838894,-1.052599],[37.829861,-1.068278],[37.82655,-1.070311],[37.819359,-1.070217],[37.817371,-1.080291],[37.806828,-1.092824],[37.805077,-1.103749],[37.796524,-1.127069],[37.738152,-1.077547],[37.593979,-1.085939],[37.596901,-1.147151],[37.606018,-1.144982],[37.610207,-1.142124],[37.617699,-1.142962],[37.624352,-1.149221],[37.633617,-1.161813],[37.638447,-1.170241],[37.649487,-1.198136],[37.654514,-1.200551],[37.656437,-1.207204],[37.660381,-1.210703],[37.662647,-1.215533],[37.665653,-1.21679],[37.664719,-1.219944],[37.670433,-1.224429],[37.675758,-1.232512],[37.684235,-1.234508],[37.688274,-1.240077],[37.6866,-1.245843],[37.689754,-1.247124],[37.688866,-1.249342],[37.691429,-1.249047],[37.692268,-1.250624],[37.696899,-1.264497],[37.696651,-1.268982],[37.701927,-1.272481],[37.707939,-1.288326],[37.712669,-1.290938],[37.71331,-1.299243],[37.716663,-1.299588],[37.716171,-1.302742],[37.723167,-1.315852],[37.723366,-1.322111],[37.7314,-1.33527],[37.731594,-1.34005],[37.737362,-1.341775],[37.736771,-1.343106],[37.739975,-1.348503],[37.743721,-1.349932],[37.745148,-1.352248],[37.744507,-1.35629],[37.74791,-1.357177],[37.753082,-1.354688],[37.756092,-1.357054],[37.759392,-1.354442],[37.76516,-1.35454],[37.766392,-1.357054],[37.774818,-1.360922],[37.779945,-1.37073],[37.783146,-1.371223],[37.784134,-1.374476],[37.788025,-1.375757],[37.789803,-1.380562],[37.796207,-1.387906],[37.798031,-1.391898],[37.797688,-1.395816],[37.801186,-1.393697],[37.803551,-1.394534],[37.80434,-1.403159],[37.807739,-1.414396],[37.807198,-1.418856],[37.809513,-1.420532],[37.809319,-1.424524],[37.811783,-1.426693],[37.812618,-1.438792],[37.817154,-1.442291],[37.815479,-1.444805],[37.819145,-1.447318],[37.810104,-1.447269],[37.79892,-1.45407],[37.78014,-1.470654],[37.777874,-1.479649],[37.773243,-1.485957],[37.750816,-1.489826],[37.734898,-1.496208],[37.719177,-1.492882],[37.709713,-1.488668],[37.701927,-1.490343],[37.694576,-1.498557],[37.702007,-1.508748],[37.705887,-1.507285],[37.713142,-1.509893],[37.719311,-1.521663],[37.723446,-1.524462],[37.724781,-1.529297],[37.732609,-1.542308],[37.741898,-1.552996],[37.749214,-1.554586],[37.750549,-1.561076],[37.760284,-1.577012],[37.764862,-1.58083],[37.771797,-1.583565],[37.771542,-1.586619],[37.77536,-1.591613],[37.775997,-1.596703],[37.781788,-1.604401],[37.783123,-1.61019],[37.791267,-1.620019],[37.792091,-1.626127],[37.795338,-1.627908],[37.803352,-1.642572],[37.800491,-1.648744],[37.805325,-1.649507],[37.804115,-1.65396],[37.807743,-1.655105],[37.809841,-1.659304],[37.814804,-1.663758],[37.819958,-1.66538],[37.82193,-1.670342],[37.81945,-1.676768],[37.82085,-1.681794],[37.823776,-1.683321],[37.830582,-1.681921],[37.830135,-1.68542],[37.832108,-1.688983],[37.836819,-1.690669],[37.835861,-1.694868],[37.837135,-1.699003],[37.834335,-1.709691],[37.841843,-1.7109],[37.844387,-1.713381],[37.844261,-1.723147],[37.84935,-1.730081],[37.85495,-1.754352],[37.852787,-1.757215],[37.853485,-1.763895],[37.851006,-1.764531],[37.851131,-1.767808],[37.849033,-1.769144],[37.844707,-1.76609],[37.840317,-1.767871],[37.837708,-1.779196],[37.846424,-1.797041],[37.866272,-1.816286],[37.878677,-1.831046],[37.882179,-1.833336],[37.886124,-1.833591],[37.890575,-1.838012],[37.891468,-1.841957],[37.885677,-1.844501],[37.883514,-1.85239],[37.886951,-1.859516],[37.89185,-1.859134],[37.900055,-1.863238],[37.897766,-1.869345],[37.905846,-1.892789],[37.904953,-1.903477],[37.914879,-1.901887],[37.917233,-1.904177],[37.91666,-1.909139],[37.912144,-1.912861],[37.909409,-1.920559],[37.910236,-1.927303],[37.907688,-1.933219],[37.91367,-1.941967],[37.915005,-1.948774],[37.91246,-1.954309],[37.923912,-1.985578],[37.928619,-1.990763],[37.926838,-1.995598],[37.935051,-2.000537],[37.933739,-2.005829],[37.938526,-2.009988],[37.936558,-2.017974],[37.941277,-2.021591],[37.939404,-2.028567],[37.936405,-2.031813],[37.941776,-2.035791],[37.948372,-2.03492],[37.953064,-2.047225],[37.95192,-2.056484],[37.956352,-2.062624],[37.958374,-2.070993],[37.955395,-2.094561],[37.956985,-2.101195],[37.953842,-2.106226],[37.954533,-2.111629],[37.952011,-2.130903],[37.952991,-2.134271],[37.960823,-2.141447],[37.963264,-2.155853],[37.962803,-2.165331],[37.969097,-2.166178],[37.975155,-2.161153],[37.980865,-2.160221],[37.997543,-2.152947],[38.009739,-2.15045],[38.019459,-2.146052],[38.026283,-2.160903],[38.035992,-2.165898],[38.043045,-2.165569],[38.047573,-2.167597],[38.04871,-2.172416],[38.046196,-2.17883],[38.052517,-2.185116],[38.057587,-2.205011],[38.061977,-2.210061],[38.068077,-2.212601],[38.067062,-2.214952],[38.062344,-2.217955],[38.061775,-2.220434],[38.067131,-2.223912],[38.070049,-2.239439],[38.069805,-2.247895],[38.075024,-2.254053],[38.073723,-2.259426],[38.081257,-2.259042],[38.084297,-2.263117],[38.085972,-2.270128],[38.091072,-2.271365],[38.096546,-2.270408],[38.099586,-2.278808],[38.110497,-2.284577],[38.108803,-2.288414],[38.109619,-2.294165],[38.10759,-2.298569],[38.114006,-2.301158],[38.116062,-2.311952],[38.12326,-2.317716],[38.145985,-2.320821],[38.151817,-2.327533],[38.168671,-2.334803],[38.173172,-2.338162],[38.184513,-2.337828],[38.195721,-2.347771],[38.197498,-2.352636],[38.210808,-2.354161],[38.222202,-2.398778],[38.231796,-2.400686],[38.236073,-2.408727],[38.240936,-2.407397],[38.244915,-2.408666],[38.247356,-2.415858],[38.251919,-2.419909],[38.269642,-2.421039],[38.273464,-2.423171],[38.279129,-2.446184],[38.282234,-2.452738],[38.287109,-2.48208],[38.289089,-2.48474],[38.295284,-2.486465],[38.298309,-2.494823],[38.301392,-2.498704],[38.308781,-2.500277],[38.311558,-2.502518],[38.310768,-2.511337],[38.316471,-2.515777],[38.316101,-2.523217],[38.32061,-2.529021],[38.318245,-2.536314],[38.322842,-2.54096],[38.321907,-2.548426],[38.331573,-2.550966],[38.337433,-2.555624],[38.336945,-2.557967],[38.331394,-2.561376],[38.330555,-2.56375],[38.333298,-2.567884],[38.337761,-2.584564],[38.3466,-2.588323],[38.348755,-2.599364],[38.352295,-2.604569],[38.361378,-2.62881],[38.361549,-2.637001],[38.367027,-2.641373],[38.366253,-2.648452],[38.381756,-2.662396],[38.381001,-2.669552],[38.385975,-2.677178],[38.391369,-2.698433],[38.395973,-2.70619],[38.405128,-2.730901],[38.409687,-2.736812],[38.413086,-2.750145],[38.4198,-2.758614],[38.421932,-2.76686],[38.424858,-2.771225],[38.425697,-2.777984],[38.431438,-2.787235],[38.430508,-2.791391],[38.422009,-2.796217],[38.421192,-2.805645],[38.417835,-2.811676],[38.418861,-2.814829],[38.42424,-2.816115],[38.426323,-2.819015],[38.426632,-2.828414],[38.431034,-2.839642],[38.427376,-2.849933],[38.432262,-2.855488],[38.439037,-2.855852],[38.437778,-2.863697],[38.445446,-2.869296],[38.443081,-2.879141],[38.444405,-2.880167],[38.451031,-2.878479],[38.454243,-2.881409],[38.454445,-2.884019],[38.450764,-2.888785],[38.450481,-2.892786],[38.460659,-2.896214],[38.460743,-2.902155],[38.465866,-2.909078],[38.472668,-2.923466],[38.475494,-2.936152],[38.487705,-2.936479],[38.488663,-2.944056],[38.493252,-2.949655],[38.492558,-2.955299],[38.498783,-2.956303],[38.504711,-2.964936],[38.510174,-2.965255],[38.519085,-2.974831],[38.526646,-2.97393],[38.531483,-2.976078],[38.538971,-2.97374],[38.544304,-2.979403],[38.550259,-2.980444],[38.562969,-2.986423],[38.583683,-2.987041],[38.594219,-2.998552],[38.602879,-2.998076],[38.608963,-2.994786],[38.610233,-2.99647],[38.607037,-3.003067],[38.608173,-3.005762],[38.629726,-3.01224],[38.642853,-3.01215],[38.65414,-3.025112],[38.661514,-3.028848],[38.665417,-3.039532],[38.671406,-3.036968],[38.681973,-3.035493],[38.690342,-3.037509],[38.696903,-3.036921],[38.702717,-3.032774],[38.707432,-3.031995],[38.724792,-3.037075],[38.73579,-3.04322],[38.755291,-3.046099],[38.774521,-3.044023],[38.780239,-3.0488],[38.790184,-3.048396],[38.809338,-3.053095],[38.809952,-3.056325],[38.807804,-3.05927],[38.801517,-3.057562],[38.797821,-3.061435],[38.800659,-3.066771],[38.806717,-3.068651],[38.819126,-3.066581],[38.82737,-3.060299],[38.834911,-3.060061],[38.84182,-3.053321],[38.845631,-3.055492],[38.847351,-3.060947],[38.863461,-3.057533],[38.893559,-3.038521],[38.897621,-3.038658],[38.914761,-3.04476],[38.924969,-3.040179],[38.931492,-3.040416],[38.936695,-3.034593],[38.953495,-3.039515],[38.972939,-3.040563],[38.980614,-3.039296],[38.99139,-3.026278],[38.99897,-3.024609],[39.006771,-3.025785],[39.014935,-3.024591],[39.024487,-3.020498],[39.027782,-3.020577],[39.03434,-3.024238],[39.04327,-3.020985],[39.042656,-3.028215],[39.04425,-3.030774],[39.052269,-3.032394],[39.060249,-3.040556],[39.075111,-3.041135],[38.626534,-2.410479],[38.630856,-2.411586],[38.631886,-2.41515],[38.639904,-2.415315],[38.646198,-2.417862],[38.664848,-2.41657],[38.678234,-2.412565],[38.68478,-2.4132],[38.686764,-2.410502],[38.695404,-2.408046],[38.702892,-2.403528],[38.704067,-2.400052],[38.71384,-2.395476],[38.71664,-2.388266],[38.720978,-2.386667],[38.723221,-2.383112],[38.725956,-2.383419],[38.728245,-2.379971],[38.7323,-2.377687],[38.733177,-2.370099],[38.737083,-2.36578],[38.753387,-2.359513],[38.755486,-2.36154],[38.757442,-2.357628],[38.763725,-2.354773],[38.766338,-2.355201],[38.770378,-2.352174],[38.775875,-2.351632],[38.78199,-2.353438],[38.787201,-2.347056],[38.787746,-2.340874],[38.7911,-2.338504],[38.795231,-2.339674],[39.015125,-1.914047],[38.958458,-1.702792],[38.974804,-1.696044],[38.976963,-1.693561],[38.983822,-1.694116],[38.999699,-1.676915],[38.953415,-1.031764]]]},"properties":{"REGION":"Lower Eastern Region","county_count":4,"counties":"Kitui, Embu, Tharaka, Meru","RegionalHQ":"Embu","Colour":"#86bf7f"},"bbox":[37.0881,-3.068651,39.075111,0.667437]},{"type":"Feature","geometry":{"type":"Polygon","coordinates":[[[37.753372,-1.566534],[37.750103,-1.560058],[37.749786,-1.55535],[37.741898,-1.552996],[37.732609,-1.542308],[37.724781,-1.529297],[37.723446,-1.524462],[37.719311,-1.521663],[37.713142,-1.509893],[37.705887,-1.507285],[37.702007,-1.508748],[37.694576,-1.498557],[37.701927,-1.490343],[37.709713,-1.488668],[37.719177,-1.492882],[37.734898,-1.496208],[37.750816,-1.489826],[37.773243,-1.485957],[37.777874,-1.479649],[37.78014,-1.470654],[37.79892,-1.45407],[37.810104,-1.447269],[37.819145,-1.447318],[37.815479,-1.444805],[37.817154,-1.442291],[37.812618,-1.438792],[37.811783,-1.426693],[37.809319,-1.424524],[37.809513,-1.420532],[37.807198,-1.418856],[37.807739,-1.414396],[37.80434,-1.403159],[37.803551,-1.394534],[37.801186,-1.393697],[37.797688,-1.395816],[37.798031,-1.391898],[37.796207,-1.387906],[37.789803,-1.380562],[37.788025,-1.375757],[37.784134,-1.374476],[37.783146,-1.371223],[37.779945,-1.37073],[37.774818,-1.360922],[37.766392,-1.357054],[37.76516,-1.35454],[37.759392,-1.354442],[37.756092,-1.357054],[37.753082,-1.354688],[37.74791,-1.357177],[37.744507,-1.35629],[37.745148,-1.352248],[37.743721,-1.349932],[37.739975,-1.348503],[37.736771,-1.343106],[37.737362,-1.341775],[37.731594,-1.34005],[37.7314,-1.33527],[37.723366,-1.322111],[37.723167,-1.315852],[37.716171,-1.302742],[37.716663,-1.299588],[37.71331,-1.299243],[37.712669,-1.290938],[37.707939,-1.288326],[37.701927,-1.272481],[37.696651,-1.268982],[37.696899,-1.264497],[37.692268,-1.250624],[37.691429,-1.249047],[37.688866,-1.249342],[37.689754,-1.247124],[37.6866,-1.245843],[37.688274,-1.240077],[37.684235,-1.234508],[37.675758,-1.232512],[37.670433,-1.224429],[37.664719,-1.219944],[37.665653,-1.21679],[37.662647,-1.215533],[37.660381,-1.210703],[37.656437,-1.207204],[37.654514,-1.200551],[37.649487,-1.198136],[37.638447,-1.170241],[37.633617,-1.161813],[37.624352,-1.149221],[37.617699,-1.142962],[37.610207,-1.142124],[37.606018,-1.144982],[37.596901,-1.147151],[37.593979,-1.085939],[37.738152,-1.077547],[37.796524,-1.127069],[37.805077,-1.103749],[37.806828,-1.092824],[37.817371,-1.080291],[37.819359,-1.070217],[37.82655,-1.070311],[37.829861,-1.068278],[37.838894,-1.052599],[37.844852,-1.046924],[37.846745,-1.040657],[37.845467,-1.029543],[37.847359,-1.025428],[37.849533,-1.004689],[37.846554,-0.993693],[37.849819,-0.992652],[37.849628,-0.990004],[37.854218,-0.985298],[37.858662,-0.984115],[37.86079,-0.981467],[37.865662,-0.981372],[37.862209,-0.977352],[37.867081,-0.97669],[37.868214,-0.97468],[37.866844,-0.972031],[37.862728,-0.972788],[37.863342,-0.968011],[37.859135,-0.966687],[37.857998,-0.964559],[37.853413,-0.965552],[37.84906,-0.964843],[37.848255,-0.963376],[37.84523,-0.963755],[37.85062,-0.960066],[37.850952,-0.958221],[37.852562,-0.961154],[37.854168,-0.961248],[37.854122,-0.958221],[37.849583,-0.951718],[37.851143,-0.948833],[37.846745,-0.945995],[37.847263,-0.938712],[37.85062,-0.939658],[37.852467,-0.937742],[37.85218,-0.935992],[37.84911,-0.934337],[37.85067,-0.931074],[37.846981,-0.927337],[37.842724,-0.926486],[37.844475,-0.923365],[37.841587,-0.922182],[37.842533,-0.918351],[37.838562,-0.918966],[37.839272,-0.908679],[37.834587,-0.911328],[37.833927,-0.905321],[37.829861,-0.90071],[37.820446,-0.898865],[37.818604,-0.896926],[37.825035,-0.890163],[37.823048,-0.889265],[37.820683,-0.881295],[37.822906,-0.881059],[37.823097,-0.877275],[37.826077,-0.874437],[37.824516,-0.871174],[37.827732,-0.870938],[37.826878,-0.865309],[37.832081,-0.862826],[37.829433,-0.859043],[37.830521,-0.856631],[37.833786,-0.855354],[37.831985,-0.852327],[37.836433,-0.850719],[37.838512,-0.848118],[37.837616,-0.843554],[37.842014,-0.843222],[37.844757,-0.84029],[37.84206,-0.838588],[37.841446,-0.834331],[37.849251,-0.830784],[37.846413,-0.826385],[37.847641,-0.819575],[37.843765,-0.816264],[37.846127,-0.812197],[37.845512,-0.809832],[37.839024,-0.808637],[37.836765,-0.811839],[37.834038,-0.812182],[37.829075,-0.80462],[37.820343,-0.803391],[37.814613,-0.806451],[37.812416,-0.811024],[37.807961,-0.81373],[37.806828,-0.811851],[37.807831,-0.802671],[37.805492,-0.799847],[37.801983,-0.80657],[37.798149,-0.809674],[37.795731,-0.81588],[37.787338,-0.820957],[37.784359,-0.820059],[37.780315,-0.82365],[37.770779,-0.818715],[37.765945,-0.821594],[37.758125,-0.82188],[37.754776,-0.813967],[37.75531,-0.811498],[37.749874,-0.801653],[37.746922,-0.785156],[37.744553,-0.779113],[37.741615,-0.776093],[37.73291,-0.773391],[37.724709,-0.779045],[37.707726,-0.779852],[37.698948,-0.782887],[37.698902,-0.787762],[37.692902,-0.789768],[37.69252,-0.793173],[37.690445,-0.795193],[37.68808,-0.792649],[37.682266,-0.794387],[37.682365,-0.807049],[37.680298,-0.815753],[37.681675,-0.820917],[37.675262,-0.823825],[37.67205,-0.827301],[37.671211,-0.835934],[37.66621,-0.839823],[37.665501,-0.844122],[37.658405,-0.84573],[37.646816,-0.840263],[37.640987,-0.843588],[37.636208,-0.837037],[37.630184,-0.836973],[37.627079,-0.850233],[37.620331,-0.849489],[37.618176,-0.849911],[37.616203,-0.852898],[37.606506,-0.852977],[37.602985,-0.86025],[37.597668,-0.858794],[37.589138,-0.861993],[37.588093,-0.864075],[37.592445,-0.868555],[37.58897,-0.871654],[37.588413,-0.876181],[37.57642,-0.874789],[37.566174,-0.878487],[37.561131,-0.872969],[37.55249,-0.882198],[37.546589,-0.880969],[37.544441,-0.885009],[37.538864,-0.886729],[37.533672,-0.893848],[37.536625,-0.90413],[37.534351,-0.910219],[37.528332,-0.912462],[37.524345,-0.912246],[37.521168,-0.914591],[37.517918,-0.912676],[37.516323,-0.900043],[37.504292,-0.897262],[37.497124,-0.904623],[37.494343,-0.9048],[37.490261,-0.900966],[37.484432,-0.899323],[37.483025,-0.894959],[37.477337,-0.894023],[37.471375,-0.886177],[37.473671,-0.875858],[37.470432,-0.876728],[37.465675,-0.872586],[37.461994,-0.875514],[37.458263,-0.870883],[37.452984,-0.871631],[37.446682,-0.870198],[37.440517,-0.862398],[37.431198,-0.862398],[37.426075,-0.866004],[37.413166,-0.861102],[37.410645,-0.858583],[37.41357,-0.853224],[37.412098,-0.85026],[37.403946,-0.850862],[37.397884,-0.856057],[37.39027,-0.855141],[37.384556,-0.851902],[37.37965,-0.857425],[37.37616,-0.854618],[37.376194,-0.850293],[37.369717,-0.848971],[37.361843,-0.844214],[37.355812,-0.843311],[37.35099,-0.845372],[37.348763,-0.84193],[37.346512,-0.844286],[37.341911,-0.842185],[37.336651,-0.846452],[37.332993,-0.844338],[37.3288,-0.844436],[37.322918,-0.840072],[37.325985,-0.83661],[37.325607,-0.835223],[37.320049,-0.835465],[37.312645,-0.822456],[37.312794,-0.818969],[37.310581,-0.815186],[37.305466,-0.81287],[37.304535,-0.800071],[37.300629,-0.798455],[37.298725,-0.795046],[37.294033,-0.793312],[37.285721,-0.782894],[37.270947,-0.786192],[37.267288,-0.785334],[37.261932,-0.7928],[37.262516,-0.807686],[37.257187,-0.838075],[37.234947,-0.835882],[37.224922,-0.851546],[37.237766,-0.858438],[37.251549,-0.860318],[37.277237,-0.892273],[37.317638,-0.917927],[37.318592,-0.925167],[37.32423,-0.932373],[37.313267,-0.940205],[37.319218,-0.94741],[37.327461,-0.94424],[37.32893,-0.95023],[37.327049,-0.953049],[37.334255,-0.958689],[37.336647,-0.964892],[37.353992,-0.945844],[37.366211,-0.962448],[37.343967,-0.976232],[37.337074,-0.977485],[37.338642,-0.984691],[37.361198,-0.987511],[37.382324,-0.999433],[37.405174,-1.013683],[37.42004,-1.035059],[37.38945,-1.057295],[37.36282,-1.094737],[37.35788,-1.091238],[37.349049,-1.091981],[37.339226,-1.079931],[37.334026,-1.081912],[37.329529,-1.07729],[37.324493,-1.077208],[37.321358,-1.070606],[37.31459,-1.064086],[37.311291,-1.066809],[37.309887,-1.066149],[37.302086,-1.056493],[37.285828,-1.04304],[37.271759,-1.025709],[37.268127,-1.023976],[37.264332,-1.017043],[37.251907,-1.019107],[37.243904,-1.025214],[37.238869,-1.024306],[37.233215,-1.021005],[37.231483,-1.018116],[37.224632,-1.027112],[37.216297,-1.029258],[37.213985,-1.03454],[37.20396,-1.035613],[37.199009,-1.040152],[37.192734,-1.042875],[37.176228,-1.034622],[37.17458,-1.036355],[37.177467,-1.037346],[37.175735,-1.038336],[37.173836,-1.044443],[37.169586,-1.045434],[37.164303,-1.049313],[37.160507,-1.049313],[37.15836,-1.052614],[37.155472,-1.050468],[37.153656,-1.053934],[37.143051,-1.049808],[37.136696,-1.051128],[37.131744,-1.048405],[37.125885,-1.050963],[37.124481,-1.053274],[37.122337,-1.053192],[37.115322,-1.041225],[37.110825,-1.041472],[37.106201,-1.035778],[37.101166,-1.034457],[37.096546,-1.03652],[37.091595,-1.033962],[37.085899,-1.033714],[37.071251,-1.025957],[37.066463,-1.025544],[37.059532,-1.031734],[37.054703,-1.031651],[37.050327,-1.033714],[37.036301,-1.030826],[37.032253,-1.028102],[37.027676,-1.018199],[37.024208,-1.015888],[37.021816,-1.011349],[37.015377,-1.009451],[37.00312,-0.996576],[36.991566,-0.990386],[36.979145,-0.976769],[36.964622,-0.973467],[36.955956,-0.9615],[36.954388,-0.955806],[36.949684,-0.95465],[36.949066,-0.952009],[36.943867,-0.949946],[36.941719,-0.945655],[36.93256,-0.941528],[36.926205,-0.935091],[36.921829,-0.935421],[36.918076,-0.930799],[36.91172,-0.928241],[36.909245,-0.920565],[36.906189,-0.917264],[36.906521,-0.91322],[36.901402,-0.913715],[36.896946,-0.91124],[36.892242,-0.911487],[36.887413,-0.903399],[36.887993,-0.899355],[36.886425,-0.896549],[36.883949,-0.895641],[36.87941,-0.898035],[36.878334,-0.894568],[36.875694,-0.892505],[36.872723,-0.89135],[36.871323,-0.892588],[36.868763,-0.889534],[36.86282,-0.889947],[36.859066,-0.887141],[36.859562,-0.8845],[36.856838,-0.882106],[36.848915,-0.882354],[36.84066,-0.876412],[36.839672,-0.87798],[36.83744,-0.877485],[36.834141,-0.873606],[36.831169,-0.873276],[36.829807,-0.870635],[36.825764,-0.869067],[36.823784,-0.86395],[36.809422,-0.858668],[36.808929,-0.855862],[36.805626,-0.856687],[36.791473,-0.845133],[36.787262,-0.844638],[36.783054,-0.839768],[36.780247,-0.840511],[36.774059,-0.833991],[36.769478,-0.832258],[36.757675,-0.833083],[36.747692,-0.831515],[36.738529,-0.818145],[36.73201,-0.812533],[36.724831,-0.810718],[36.720039,-0.806371],[36.706161,-0.785537],[36.685593,-0.764811],[36.671558,-0.758492],[36.666912,-0.759421],[36.658459,-0.767784],[36.65028,-0.764625],[36.608292,-0.805621],[36.618565,-0.829798],[36.585983,-0.826525],[36.589813,-0.84894],[36.597965,-0.861846],[36.587006,-0.886754],[36.576984,-0.891907],[36.561813,-0.903929],[36.563248,-0.908509],[36.570091,-0.90889],[36.568638,-0.911074],[36.552849,-0.919996],[36.561161,-0.924309],[36.568344,-0.921547],[36.574696,-0.924309],[36.578011,-0.929281],[36.576077,-0.938119],[36.572487,-0.942262],[36.579945,-0.948062],[36.584915,-0.961872],[36.584915,-0.979272],[36.588505,-0.982034],[36.594028,-0.983415],[36.595409,-0.991701],[36.584251,-1.044381],[36.588272,-1.063382],[36.566952,-1.101497],[36.563854,-1.10011],[36.541656,-1.127002],[36.53373,-1.155907],[36.489265,-1.122533],[36.333923,-1.049367],[36.346176,-1.175681],[36.052032,-1.490887],[36.059326,-1.500838],[36.060345,-1.510194],[36.06834,-1.526888],[36.073444,-1.542345],[36.083637,-1.560648],[36.085251,-1.574242],[36.084015,-1.579515],[36.079494,-1.586831],[36.078724,-1.594855],[36.077145,-1.595369],[36.074745,-1.592323],[36.072559,-1.593503],[36.069008,-1.599623],[36.067245,-1.607342],[36.065144,-1.610112],[36.062496,-1.610759],[36.063343,-1.61686],[36.055611,-1.618466],[36.057896,-1.62367],[36.055923,-1.632212],[36.052704,-1.636319],[36.051197,-1.642843],[36.052208,-1.646855],[36.047283,-1.649477],[36.04747,-1.654132],[36.050076,-1.655175],[36.052307,-1.660807],[36.051754,-1.665649],[36.058453,-1.673158],[36.055305,-1.680135],[36.05732,-1.682947],[36.057785,-1.687583],[36.06171,-1.689903],[36.064621,-1.698833],[36.057625,-1.702901],[36.05759,-1.706264],[36.055889,-1.707719],[36.056358,-1.711575],[36.047604,-1.705598],[36.044872,-1.710911],[36.041649,-1.709546],[36.038105,-1.710197],[36.038712,-1.713471],[36.047611,-1.719534],[36.049732,-1.729604],[36.047043,-1.734972],[36.043598,-1.7324],[36.041054,-1.732507],[36.041683,-1.73995],[36.035721,-1.74382],[36.03619,-1.750505],[36.033756,-1.753951],[36.035133,-1.756835],[36.034031,-1.761365],[36.031349,-1.761611],[36.031906,-1.767923],[36.021599,-1.776073],[36.025845,-1.779544],[36.031658,-1.780345],[36.031334,-1.786186],[36.029377,-1.789244],[36.022991,-1.792166],[36.026657,-1.796078],[36.01638,-1.804044],[36.01759,-1.807802],[36.023487,-1.806179],[36.029343,-1.809771],[36.030571,-1.820126],[36.029358,-1.825291],[36.03149,-1.825291],[36.037632,-1.820872],[36.039848,-1.821672],[36.041355,-1.82541],[36.04018,-1.828536],[36.044418,-1.831192],[36.042465,-1.834899],[36.049038,-1.842225],[36.048027,-1.847798],[36.050247,-1.857445],[36.048244,-1.861653],[36.047432,-1.872128],[36.044697,-1.87766],[36.037994,-1.877185],[36.037449,-1.89048],[36.034904,-1.891482],[36.031742,-1.888153],[36.028065,-1.888696],[36.026917,-1.890331],[36.03426,-1.902436],[36.039791,-1.907222],[36.043129,-1.907067],[36.044003,-1.909088],[36.043018,-1.911231],[36.03701,-1.913053],[36.033989,-1.916595],[36.03458,-1.918985],[36.038181,-1.920621],[36.037239,-1.928939],[36.041729,-1.933331],[36.043129,-1.938735],[36.040859,-1.946874],[36.037895,-1.949284],[36.041615,-1.960231],[36.039536,-1.969814],[36.037308,-1.972021],[36.040142,-1.975496],[36.03561,-1.993202],[36.035549,-2.002474],[36.03764,-2.006696],[36.030346,-2.022088],[36.029667,-2.031383],[36.030922,-2.035923],[36.028172,-2.039697],[36.028172,-2.082952],[36.000206,-2.083073],[36.000206,-2.104406],[37.470467,-2.930372],[37.520252,-2.956132],[37.567657,-2.986975],[37.671394,-3.058685],[37.690586,-3.17889],[37.791267,-3.16992],[37.793533,-3.172295],[37.795742,-3.169642],[37.804279,-3.165795],[37.807182,-3.167548],[37.810207,-3.166326],[37.818859,-3.173313],[37.822178,-3.173634],[37.82967,-3.17994],[37.83305,-3.185519],[37.847767,-3.18241],[37.850258,-3.178609],[37.852745,-3.178299],[37.854149,-3.078539],[37.870773,-3.077435],[37.895123,-2.885885],[37.918308,-2.868476],[37.939404,-2.776978],[37.944119,-2.780792],[37.973709,-2.788586],[38.100636,-2.719364],[38.108856,-2.716506],[38.115475,-2.712041],[38.116856,-2.705841],[38.121513,-2.704107],[38.127651,-2.698962],[38.133331,-2.698002],[38.136181,-2.699296],[38.151039,-2.699219],[38.156975,-2.694117],[38.156345,-2.688557],[38.161545,-2.679865],[38.167152,-2.69441],[38.18029,-2.701351],[38.23653,-2.742172],[38.261211,-2.760527],[38.270611,-2.770016],[38.29451,-2.804151],[38.319904,-2.833146],[38.351227,-2.886918],[38.381584,-2.918197],[38.396255,-2.92751],[38.403416,-2.926105],[38.408558,-2.928301],[38.417828,-2.942886],[38.429337,-2.955714],[38.448711,-2.972145],[38.457455,-2.990288],[38.458832,-2.991049],[38.463425,-2.987469],[38.466129,-2.987982],[38.469185,-2.984878],[38.476696,-2.985179],[38.488014,-2.977537],[38.492596,-2.983455],[38.509109,-2.981949],[38.513401,-2.983106],[38.513752,-2.979236],[38.519085,-2.974831],[38.510174,-2.965255],[38.504711,-2.964936],[38.498783,-2.956303],[38.492558,-2.955299],[38.493252,-2.949655],[38.488663,-2.944056],[38.487705,-2.936479],[38.475689,-2.936449],[38.472668,-2.923466],[38.465866,-2.909078],[38.460743,-2.902155],[38.460659,-2.896214],[38.450359,-2.892488],[38.450764,-2.888785],[38.454445,-2.884019],[38.454243,-2.881409],[38.451031,-2.878479],[38.443439,-2.879766],[38.442726,-2.877312],[38.445446,-2.869296],[38.437778,-2.863697],[38.439037,-2.855852],[38.432262,-2.855488],[38.427376,-2.849933],[38.431034,-2.839642],[38.426632,-2.828414],[38.426323,-2.819015],[38.42424,-2.816115],[38.418861,-2.814829],[38.417835,-2.811676],[38.421192,-2.805645],[38.422009,-2.796217],[38.430508,-2.791391],[38.431438,-2.787235],[38.425697,-2.777984],[38.424858,-2.771225],[38.421932,-2.76686],[38.4198,-2.758614],[38.413086,-2.750145],[38.409687,-2.736812],[38.405128,-2.730901],[38.395973,-2.70619],[38.391369,-2.698433],[38.385975,-2.677178],[38.381001,-2.669552],[38.381756,-2.662396],[38.366253,-2.648452],[38.367027,-2.641373],[38.361549,-2.637001],[38.361378,-2.62881],[38.352295,-2.604569],[38.348755,-2.599364],[38.3466,-2.588323],[38.337761,-2.584564],[38.333298,-2.567884],[38.330555,-2.56375],[38.331394,-2.561376],[38.336945,-2.557967],[38.337433,-2.555624],[38.331573,-2.550966],[38.321907,-2.548426],[38.322842,-2.54096],[38.318245,-2.536314],[38.32061,-2.529021],[38.316101,-2.523217],[38.316471,-2.515777],[38.310768,-2.511337],[38.311558,-2.502518],[38.308781,-2.500277],[38.301392,-2.498704],[38.298309,-2.494823],[38.295284,-2.486465],[38.289089,-2.48474],[38.287109,-2.48208],[38.282234,-2.452738],[38.279129,-2.446184],[38.273464,-2.423171],[38.269642,-2.421039],[38.251919,-2.419909],[38.247356,-2.415858],[38.244915,-2.408666],[38.240936,-2.407397],[38.236073,-2.408727],[38.231796,-2.400686],[38.222202,-2.398778],[38.210808,-2.354161],[38.197498,-2.352636],[38.195721,-2.347771],[38.184513,-2.337828],[38.173172,-2.338162],[38.168671,-2.334803],[38.151817,-2.327533],[38.145985,-2.320821],[38.12326,-2.317716],[38.116062,-2.311952],[38.114006,-2.301158],[38.10759,-2.298569],[38.109619,-2.294165],[38.108803,-2.288414],[38.110497,-2.284577],[38.099586,-2.278808],[38.096546,-2.270408],[38.091072,-2.271365],[38.085972,-2.270128],[38.084297,-2.263117],[38.081257,-2.259042],[38.073723,-2.259426],[38.075024,-2.254053],[38.069805,-2.247895],[38.070049,-2.239439],[38.067131,-2.223912],[38.061775,-2.220434],[38.062344,-2.217955],[38.067062,-2.214952],[38.068077,-2.212601],[38.061977,-2.210061],[38.057587,-2.205011],[38.052517,-2.185116],[38.046196,-2.17883],[38.04871,-2.172416],[38.047573,-2.167597],[38.043045,-2.165569],[38.035992,-2.165898],[38.026283,-2.160903],[38.019459,-2.146052],[38.009739,-2.15045],[37.997543,-2.152947],[37.980865,-2.160221],[37.975155,-2.161153],[37.969097,-2.166178],[37.962803,-2.165331],[37.963264,-2.155853],[37.960823,-2.141447],[37.952991,-2.134271],[37.952011,-2.130903],[37.954533,-2.111629],[37.953842,-2.106226],[37.956985,-2.101195],[37.955395,-2.094561],[37.958374,-2.070993],[37.956352,-2.062624],[37.95192,-2.056484],[37.953064,-2.047225],[37.948372,-2.03492],[37.941776,-2.035791],[37.936405,-2.031813],[37.939404,-2.028567],[37.941277,-2.021591],[37.936558,-2.017974],[37.938526,-2.009988],[37.933739,-2.005829],[37.935051,-2.000537],[37.926838,-1.995598],[37.928619,-1.990763],[37.923912,-1.985578],[37.91246,-1.954309],[37.915005,-1.948774],[37.91367,-1.941967],[37.907688,-1.933219],[37.910236,-1.927303],[37.909409,-1.920559],[37.912144,-1.912861],[37.91666,-1.909139],[37.916977,-1.903413],[37.914879,-1.901887],[37.904953,-1.903477],[37.905846,-1.892789],[37.897766,-1.869345],[37.900055,-1.863238],[37.89185,-1.859134],[37.886951,-1.859516],[37.883514,-1.85239],[37.885677,-1.844501],[37.891468,-1.841957],[37.890575,-1.838012],[37.886124,-1.833591],[37.882179,-1.833336],[37.878677,-1.831046],[37.866272,-1.816286],[37.846424,-1.797041],[37.837708,-1.779196],[37.840317,-1.767871],[37.844707,-1.76609],[37.849033,-1.769144],[37.851131,-1.767808],[37.851006,-1.764531],[37.853485,-1.763895],[37.852787,-1.757215],[37.85495,-1.754352],[37.84935,-1.730081],[37.844261,-1.723147],[37.844387,-1.713381],[37.841843,-1.7109],[37.834335,-1.709691],[37.837135,-1.699003],[37.835861,-1.694868],[37.836819,-1.690669],[37.832108,-1.688983],[37.830135,-1.68542],[37.830582,-1.681921],[37.823776,-1.683321],[37.819893,-1.680649],[37.819641,-1.675559],[37.82193,-1.670342],[37.819958,-1.66538],[37.814804,-1.663758],[37.809841,-1.659304],[37.807743,-1.655105],[37.804115,-1.65396],[37.805325,-1.649507],[37.800491,-1.648744],[37.803352,-1.642572],[37.795338,-1.627908],[37.792091,-1.626127],[37.791267,-1.620019],[37.783123,-1.61019],[37.781788,-1.604401],[37.775997,-1.596703],[37.77536,-1.591613],[37.771542,-1.586619],[37.771797,-1.583565],[37.764862,-1.58083],[37.760284,-1.577012],[37.757229,-1.570269],[37.753372,-1.566534]]]},"properties":{"REGION":"Nairobi Region","county_count":5,"counties":"Nairobi, Machakos, Makueni, Kiambu, Kajiado","RegionalHQ":"Nairobi","Colour":"#cb26b8"},"bbox":[36.000206,-3.185519,38.519085,-0.758492]},{"type":"Feature","geometry":{"type":"Polygon","coordinates":[[[40.991299,0.344074],[40.992964,1.698684],[40.989333,1.998106],[40.991955,2.179186],[40.992523,2.824751],[41.3291,3.154816],[41.865942,3.917793],[41.912051,3.981418],[41.905917,3.976877],[41.900507,3.980953],[41.897631,3.980701],[41.883892,3.972659],[41.881969,3.966201],[41.876537,3.966534],[41.872265,3.962507],[41.869259,3.966647],[41.867687,3.966477],[41.865387,3.959626],[41.854755,3.960654],[41.853302,3.957799],[41.854511,3.950425],[41.850464,3.947741],[41.845604,3.949575],[41.84256,3.954471],[41.836189,3.954036],[41.835205,3.952051],[41.83704,3.947665],[41.835339,3.945075],[41.832466,3.949839],[41.828552,3.952732],[41.825432,3.948043],[41.820461,3.950577],[41.818569,3.95364],[41.821274,3.956702],[41.820896,3.958669],[41.81477,3.959103],[41.810703,3.957572],[41.807964,3.960975],[41.803539,3.957572],[41.798214,3.956801],[41.794789,3.960262],[41.792976,3.96901],[41.799305,3.972584],[41.79401,3.974493],[41.792553,3.979364],[41.794598,3.981394],[41.793934,3.983134],[41.787476,3.978275],[41.783176,3.982869],[41.780605,3.983077],[41.777996,3.976327],[41.774235,3.97438],[41.765045,3.976176],[41.75531,3.974588],[41.752869,3.976252],[41.754929,3.983077],[41.753952,3.984916],[41.749561,3.984911],[41.739899,3.988352],[41.73526,3.986819],[41.734119,3.9915],[41.730206,3.98668],[41.723557,3.98716],[41.720592,3.99246],[41.713688,3.983278],[41.692577,3.978048],[41.687511,3.96978],[41.684074,3.97071],[41.68063,3.96934],[41.674412,3.959925],[41.663883,3.965707],[41.655167,3.965502],[41.631599,3.982362],[41.627705,3.983294],[41.617817,3.973889],[41.608185,3.972996],[41.60223,3.974852],[41.593273,3.970046],[41.576309,3.970783],[41.566898,3.966667],[41.560261,3.970827],[41.55066,3.98167],[41.54516,3.98214],[41.52403,3.97115],[41.51827,3.95967],[41.50977,3.95463],[41.50518,3.95487],[41.50681,3.962],[41.50568,3.96476],[41.49971,3.96363],[41.48938,3.9579],[41.48433,3.95861],[41.48204,3.95746],[41.47973,3.95218],[41.47285,3.95519],[41.46827,3.95313],[41.46025,3.9566],[41.44534,3.95365],[41.43709,3.95482],[41.43547,3.94746],[41.43019,3.94494],[41.42675,3.94541],[41.42172,3.94934],[41.41919,3.94796],[41.41369,3.9489],[41.40545,3.95329],[41.3947,3.96229],[41.39125,3.96276],[41.37862,3.95175],[41.37357,3.95153],[41.36578,3.95431],[41.3596,3.95893],[41.35938,3.96099],[41.35456,3.96032],[41.34835,3.9509],[41.33894,3.94655],[41.32975,3.93921],[41.32631,3.93876],[41.32013,3.94384],[41.31493,3.94428],[41.30983,3.94787],[41.281742,3.948545],[41.278069,3.949794],[41.275776,3.955415],[41.270882,3.957763],[41.252186,3.954702],[41.235302,3.958885],[41.230106,3.956035],[41.227077,3.949891],[41.21455,3.953506],[41.203209,3.947948],[41.202755,3.938919],[41.200981,3.938106],[41.186077,3.941355],[41.181572,3.939518],[41.169266,3.94258],[41.162865,3.951336],[41.132633,3.966588],[41.135624,3.971412],[41.133339,3.974178],[41.124855,3.974196],[41.122581,3.982483],[41.118004,3.987095],[41.111816,3.987568],[41.105389,3.985282],[41.10402,3.9892],[41.09853,3.99519],[41.09187,4.01332],[41.07265,4.0226],[41.05739,4.04773],[41.04436,4.05883],[41.04071,4.06482],[41.03523,4.07037],[41.02607,4.07086],[41.02311,4.07663],[41.00986,4.08933],[41.00142,4.10271],[40.99342,4.1078],[40.98219,4.11061],[40.97216,4.12537],[40.96508,4.13207],[40.94791,4.14088],[40.92981,4.14417],[40.91378,4.15113],[40.90645,4.15254],[40.90416,4.15462],[40.89849,4.17074],[40.88321,4.19266],[40.8814,4.19886],[40.88401,4.20693],[40.88238,4.21284],[40.87322,4.22089],[40.85577,4.22671],[40.8441,4.24626],[40.83069,4.24843],[40.81384,4.25515],[40.790035,4.270165],[40.78223,4.282757],[40.776127,4.279886],[40.761776,4.283045],[40.757919,4.281731],[40.751183,4.27281],[40.747538,4.261442],[40.717775,4.244809],[40.709169,4.247025],[40.698321,4.247266],[40.634262,4.217315],[40.401669,4.122732],[40.403019,4.119734],[40.387772,4.104848],[40.37579,4.106327],[40.234051,4.050078],[40.212196,4.043508],[40.191982,4.043934],[40.172241,4.027481],[40.129585,4.006254],[40.120716,4.000011],[40.106106,3.9943],[39.869568,3.874727],[39.83784,3.811826],[39.784929,3.69826],[39.775261,3.668096],[39.768112,3.658074],[39.764486,3.658785],[39.603598,3.494864],[39.589234,3.485627],[39.562077,3.416309],[39.547066,3.405368],[39.532887,3.402422],[39.528297,3.402976],[39.519268,3.408283],[39.514832,3.414258],[39.501587,3.457662],[39.496876,3.461333],[39.489185,3.463384],[39.471283,3.460542],[39.429016,3.460681],[39.425339,3.461234],[39.418736,3.466129],[39.408756,3.468456],[39.33574,3.47011],[39.33224,3.47636],[39.3308,3.49073],[39.33218,3.50401],[39.32854,3.50632],[39.3226,3.50471],[39.3019,3.48673],[39.28312,3.47674],[39.23723,3.4809],[39.20444,3.48626],[39.19242,3.48276],[39.17828,3.49458],[39.1381,3.51445],[39.12312,3.51692],[39.10224,3.53404],[39.09604,3.53784],[39.08659,3.53949],[39.063372,3.533691],[39.056828,3.52357],[39.047474,3.525195],[39.043663,3.5285],[39.037991,3.530055],[39.032795,3.525419],[39.022713,3.525471],[39.022095,3.516007],[39.019978,3.514031],[39.013306,3.519172],[39.009773,3.518442],[39.007305,3.524803],[39.004505,3.526483],[39.000076,3.521105],[38.980343,3.517178],[38.978832,3.521264],[38.967087,3.523866],[38.964046,3.523623],[38.958088,3.519001],[38.958576,3.508908],[38.904339,3.505868],[38.840858,3.528244],[38.838062,3.527393],[38.713779,3.565578],[38.711468,3.571171],[38.711712,3.575428],[38.692619,3.6051],[38.687874,3.617382],[38.682281,3.620179],[38.672188,3.615437],[38.676323,3.604249],[38.668663,3.595979],[38.665379,3.587224],[38.61134,3.607574],[38.599232,3.599916],[38.576092,3.60113],[38.557144,3.615034],[38.546787,3.639577],[38.534283,3.649189],[38.522339,3.648349],[38.515713,3.644617],[38.522087,3.635378],[38.522271,3.625788],[38.507831,3.623304],[38.44759,3.597583],[38.32473,3.608867],[38.12111,3.61167],[38.033779,3.684154],[37.989582,3.729182],[37.918369,3.768545],[37.907639,3.777784],[37.766541,3.869518],[37.651848,3.950333],[37.646343,3.957798],[37.585125,3.998672],[37.493397,4.064671],[37.343991,4.15812],[37.33838,4.16449],[37.137678,4.292507],[37.132657,4.289915],[37.11164,4.30684],[37.100215,4.326217],[37.09796,4.332631],[37.093396,4.335039],[37.089599,4.341943],[37.078833,4.346655],[37.065704,4.345827],[37.064899,4.350198],[37.055494,4.360365],[37.055866,4.363259],[37.048529,4.367908],[37.048073,4.372698],[37.04376,4.372947],[37.039273,4.375362],[37.032568,4.383381],[37.031076,4.379577],[37.0213,4.369236],[37.011792,4.377043],[37.003822,4.376522],[36.988071,4.389019],[36.985929,4.392934],[36.981058,4.393047],[36.975857,4.395811],[36.960065,4.39568],[36.959661,4.401029],[36.909326,4.422256],[36.880299,4.429376],[36.842594,4.449958],[36.71512,4.440196],[36.660332,4.441866],[36.646071,4.451464],[36.62621,4.451653],[36.546199,4.441724],[36.476773,4.445074],[36.461447,4.444178],[36.265721,4.447734],[36.247469,4.45557],[36.233865,4.448753],[36.047611,4.446621],[36.052086,3.240567],[36.074951,3.227256],[36.088146,3.226237],[36.103519,3.221325],[36.113297,3.221347],[36.122852,3.21399],[36.131702,3.211115],[36.140804,3.209281],[36.143406,3.210142],[36.144741,3.2127],[36.142254,3.216141],[36.147663,3.224041],[36.151577,3.221393],[36.153549,3.21691],[36.154377,3.211206],[36.152576,3.189881],[36.140804,3.153751],[36.141823,3.148409],[36.144035,3.14617],[36.143524,3.148871],[36.147865,3.143497],[36.152416,3.131589],[36.152935,3.115856],[36.150513,3.095957],[36.153412,3.091452],[36.153233,3.085838],[36.148815,3.075765],[36.142975,3.074678],[36.1413,3.07298],[36.139717,3.063767],[36.142033,3.060773],[36.142841,3.056047],[36.141323,3.037009],[36.137379,3.029552],[36.136909,3.014625],[36.132599,3.011314],[36.12764,3.002784],[36.124054,2.987341],[36.123825,2.979781],[36.129333,2.980766],[36.129044,2.973965],[36.13205,2.977519],[36.136734,2.979167],[36.132679,2.968554],[36.133644,2.966979],[36.138397,2.969345],[36.152126,2.969006],[36.163727,2.966696],[36.170349,2.968392],[36.178749,2.966163],[36.191334,2.968344],[36.201122,2.961688],[36.216663,2.958667],[36.222206,2.954871],[36.223907,2.955531],[36.224159,2.95857],[36.230152,2.956438],[36.233788,2.956907],[36.246578,2.949123],[36.252026,2.951883],[36.253593,2.954451],[36.253704,2.965161],[36.256935,2.960477],[36.260571,2.933742],[36.26548,2.923257],[36.268963,2.907795],[36.281635,2.891208],[36.28981,2.887621],[36.298317,2.887051],[36.31905,2.874763],[36.344574,2.862792],[36.358772,2.860773],[36.365685,2.850984],[36.38002,2.836817],[36.385231,2.826656],[36.386429,2.817157],[36.394539,2.799743],[36.410046,2.774381],[36.411823,2.768856],[36.417542,2.761991],[36.420124,2.745481],[36.419838,2.735918],[36.427055,2.719667],[36.430771,2.714045],[36.445877,2.705154],[36.44516,2.701802],[36.435261,2.687601],[36.432396,2.677904],[36.434753,2.669918],[36.433289,2.65179],[36.436447,2.642712],[36.436764,2.633548],[36.440411,2.629411],[36.441418,2.624872],[36.451767,2.612199],[36.462273,2.609302],[36.470921,2.609416],[36.473045,2.600511],[36.492325,2.575029],[36.512978,2.560694],[36.522282,2.53331],[36.522835,2.526706],[36.528469,2.522221],[36.527863,2.507983],[36.529266,2.500156],[36.52652,2.493751],[36.525513,2.484435],[36.527641,2.474387],[36.524616,2.465378],[36.522705,2.448371],[36.530758,2.431477],[36.537201,2.408825],[36.540352,2.404576],[36.546726,2.403103],[36.552448,2.398751],[36.559681,2.397106],[36.564819,2.400464],[36.566463,2.404885],[36.574482,2.404371],[36.577499,2.407146],[36.5849,2.407386],[36.590725,2.414103],[36.603542,2.403274],[36.605049,2.398134],[36.608887,2.396557],[36.618999,2.399813],[36.621189,2.405193],[36.620609,2.413143],[36.623245,2.415816],[36.630821,2.412424],[36.633938,2.40533],[36.63723,2.406804],[36.638084,2.410607],[36.639557,2.41071],[36.637913,2.391828],[36.643364,2.405776],[36.643497,2.418283],[36.644871,2.418249],[36.646893,2.413417],[36.650696,2.419414],[36.656246,2.419826],[36.661079,2.430311],[36.67112,2.445458],[36.684345,2.457932],[36.687294,2.459063],[36.695347,2.454642],[36.698601,2.455122],[36.699459,2.458206],[36.697472,2.466225],[36.703365,2.479041],[36.701481,2.485175],[36.702202,2.497546],[36.699718,2.512368],[36.704365,2.513197],[36.706879,2.511652],[36.707901,2.508349],[36.714088,2.508513],[36.739349,2.514999],[36.74678,2.514084],[36.752445,2.516504],[36.756699,2.516061],[36.843517,2.274762],[36.865791,2.253846],[36.892853,2.197492],[36.896942,2.191725],[36.903027,2.156668],[36.915287,2.125653],[36.912746,2.10003],[36.919994,2.099529],[36.918247,2.08347],[36.921024,2.058295],[36.919102,2.052562],[36.918888,2.033797],[36.915756,2.018023],[36.917751,2.016634],[36.924374,2.016705],[36.939899,2.024753],[36.950012,2.025109],[37.00716,1.985099],[37.03685,1.982507],[37.09668,1.983248],[37.120941,1.976087],[37.129772,1.970993],[37.150898,1.967919],[37.174919,1.958214],[37.179531,1.959178],[37.180767,1.949714],[37.186916,1.935548],[37.190865,1.930424],[37.210667,1.91439],[37.216244,1.911858],[37.21986,1.907036],[37.232098,1.900224],[37.23888,1.892297],[37.240959,1.885847],[37.244484,1.882682],[37.247681,1.880994],[37.265976,1.878764],[37.306107,1.765452],[37.350548,1.742138],[37.442989,1.587368],[37.469196,1.554285],[37.557804,1.396207],[37.563099,1.390517],[37.569595,1.388823],[37.573017,1.380993],[37.577106,1.379922],[37.582138,1.370844],[37.579433,1.365281],[37.587448,1.36824],[37.589371,1.379087],[37.595741,1.384575],[37.596176,1.389717],[37.598045,1.391554],[37.602341,1.38106],[37.606693,1.376154],[37.610054,1.375396],[37.617943,1.378101],[37.62146,1.376938],[37.622597,1.38369],[37.629738,1.383728],[37.633446,1.389202],[37.639362,1.391098],[37.646744,1.399165],[37.652916,1.400884],[37.654709,1.400303],[37.657314,1.395245],[37.660423,1.398128],[37.664623,1.397673],[37.67054,1.399544],[37.673927,1.403135],[37.683636,1.398962],[37.709988,1.407231],[37.718533,1.407459],[37.724903,1.405638],[37.736729,1.407396],[37.747604,1.413338],[37.755295,1.411849],[37.761417,1.414011],[37.768421,1.41396],[37.772953,1.409726],[37.774921,1.41214],[37.778416,1.411823],[37.782085,1.419626],[37.787193,1.415018],[37.793579,1.414132],[37.799652,1.418275],[37.810909,1.418496],[37.816982,1.422923],[37.825867,1.420836],[37.831497,1.425074],[37.842659,1.425801],[37.844368,1.427445],[37.842976,1.431335],[37.84642,1.435573],[37.846169,1.442909],[37.849522,1.447178],[37.848824,1.452712],[37.852123,1.459064],[37.950619,1.386963],[37.945293,1.26288],[37.948162,1.194319],[38.030838,1.085136],[38.047512,0.804963],[38.080925,0.781438],[38.080387,0.780422],[38.064728,0.78087],[38.06115,0.778633],[38.049965,0.778633],[38.046833,0.784449],[38.030281,0.790712],[38.024017,0.796975],[38.015518,0.796975],[38.015965,0.802344],[38.011494,0.803686],[38.007465,0.800107],[38.009705,0.792501],[38.004333,0.788028],[37.999413,0.786686],[37.994938,0.77908],[37.988228,0.777291],[37.980175,0.769685],[37.972122,0.759843],[37.971676,0.754475],[37.958256,0.751343],[37.953781,0.74687],[37.940361,0.738817],[37.936333,0.730317],[37.927387,0.721817],[37.912624,0.711975],[37.90815,0.71958],[37.902332,0.720922],[37.902332,0.72629],[37.8992,0.728975],[37.896519,0.727633],[37.888466,0.738817],[37.876835,0.744185],[37.87236,0.735685],[37.875046,0.730317],[37.866993,0.726738],[37.85849,0.718238],[37.846413,0.711527],[37.842384,0.703475],[37.844624,0.689606],[37.832096,0.679764],[37.82494,0.679764],[37.811069,0.674395],[37.803467,0.675738],[37.789597,0.672159],[37.773937,0.677974],[37.76857,0.673501],[37.757832,0.672606],[37.752911,0.67529],[37.746651,0.676185],[37.739937,0.667238],[37.734123,0.662316],[37.729202,0.661869],[37.728752,0.656501],[37.723831,0.654711],[37.713989,0.66008],[37.709068,0.667238],[37.702808,0.667238],[37.690666,0.663089],[37.690865,0.659963],[37.686176,0.656489],[37.682983,0.651418],[37.68116,0.642581],[37.678356,0.642412],[37.676632,0.639765],[37.673573,0.641276],[37.665077,0.632763],[37.661102,0.633379],[37.656067,0.63125],[37.65044,0.63219],[37.64576,0.628457],[37.643879,0.622422],[37.638577,0.621441],[37.637432,0.614767],[37.641029,0.614767],[37.641869,0.612663],[37.636497,0.607525],[37.635715,0.601241],[37.632839,0.597184],[37.630184,0.596914],[37.62788,0.600031],[37.622585,0.598437],[37.61871,0.600095],[37.605846,0.591525],[37.597473,0.591657],[37.59124,0.588339],[37.583542,0.588433],[37.58226,0.584979],[37.583347,0.574913],[37.58086,0.572766],[37.576504,0.574617],[37.567188,0.570722],[37.564693,0.572084],[37.557392,0.570999],[37.549664,0.574189],[37.547054,0.577921],[37.544991,0.577972],[37.531898,0.565242],[37.524101,0.570341],[37.514282,0.56809],[37.507557,0.569716],[37.502357,0.575571],[37.492279,0.576189],[37.490532,0.578888],[37.492836,0.585557],[37.491684,0.588852],[37.477829,0.588098],[37.470287,0.593337],[37.465881,0.590995],[37.462387,0.586391],[37.447025,0.580397],[37.440716,0.582421],[37.435516,0.580278],[37.428013,0.583175],[37.424042,0.579484],[37.406101,0.579722],[37.391171,0.576599],[37.382603,0.582652],[37.378212,0.583814],[37.374493,0.587602],[37.364937,0.586955],[37.363487,0.599329],[37.356216,0.599291],[37.353931,0.6007],[37.354046,0.608924],[37.351761,0.615739],[37.352829,0.621565],[37.349514,0.62621],[37.347534,0.632873],[37.343346,0.638051],[37.342663,0.64578],[37.331696,0.650311],[37.32671,0.660515],[37.32629,0.668397],[37.314449,0.684921],[37.308319,0.700951],[37.305195,0.703159],[37.300247,0.720864],[37.290874,0.731272],[37.289173,0.736453],[37.275024,0.743806],[37.27029,0.752267],[37.266373,0.753624],[37.26519,0.757352],[37.257408,0.763632],[37.254124,0.764516],[37.246864,0.763001],[37.243294,0.758549],[37.238056,0.755645],[37.235844,0.751509],[37.230511,0.749867],[37.21994,0.739438],[37.2062,0.741533],[37.20219,0.746521],[37.181763,0.742575],[37.174786,0.745447],[37.168568,0.742669],[37.163391,0.745637],[37.161938,0.751635],[37.152401,0.752993],[37.151741,0.760917],[37.136585,0.759465],[37.128345,0.766632],[37.124367,0.77806],[37.117516,0.783396],[37.10997,0.780807],[37.107761,0.785921],[37.102173,0.787468],[37.096519,0.785708],[37.092827,0.782701],[37.08746,0.782796],[37.072369,0.779134],[37.070782,0.77699],[37.072056,0.773009],[37.069496,0.765779],[37.063148,0.766771],[37.059772,0.771967],[37.05788,0.77222],[37.046577,0.76619],[37.016586,0.75574],[37.008724,0.751635],[37.00214,0.750027],[36.996349,0.750972],[36.992287,0.747885],[36.980595,0.744532],[36.974438,0.747058],[36.966293,0.742132],[36.960114,0.744067],[36.948074,0.743995],[36.941761,0.747342],[36.937656,0.752993],[36.934372,0.754003],[36.93166,0.745732],[36.931286,0.733282],[36.927258,0.728904],[36.925655,0.688831],[36.927124,0.6766],[36.92411,0.671581],[36.923748,0.665322],[36.921341,0.660609],[36.913403,0.661257],[36.913841,0.658681],[36.911667,0.656754],[36.912582,0.650629],[36.909473,0.647785],[36.908195,0.643606],[36.909607,0.63271],[36.897625,0.63073],[36.893513,0.621994],[36.890175,0.623127],[36.888058,0.609622],[36.883591,0.613118],[36.882477,0.60889],[36.879177,0.605358],[36.87569,0.605079],[36.871231,0.598434],[36.86705,0.596947],[36.865608,0.591975],[36.868057,0.587413],[36.867653,0.578732],[36.864063,0.572271],[36.864368,0.565754],[37.213192,0.529722],[37.369049,0.511553],[37.367977,0.508533],[37.361107,0.503466],[37.359501,0.500202],[37.358379,0.491969],[37.361149,0.484665],[37.358971,0.480082],[37.35989,0.473972],[37.35754,0.471842],[37.356853,0.465291],[37.348877,0.455824],[37.348278,0.439486],[37.351337,0.431452],[37.354099,0.411085],[37.36253,0.407354],[37.36882,0.395193],[37.370041,0.381963],[37.376705,0.379774],[37.379341,0.376889],[37.376926,0.367762],[37.37812,0.363684],[37.381828,0.360426],[37.383644,0.355775],[37.390308,0.354855],[37.391895,0.353129],[37.391335,0.345455],[37.39267,0.341948],[37.391525,0.336303],[37.392818,0.332747],[37.391102,0.324639],[37.393692,0.316233],[37.391178,0.312205],[37.393791,0.307778],[37.392746,0.3036],[37.395554,0.299521],[37.392197,0.296512],[37.394485,0.292931],[37.394039,0.289449],[37.388229,0.285652],[37.386353,0.280795],[37.388466,0.278382],[37.385826,0.274424],[37.399548,0.283995],[37.399509,0.296196],[37.427788,0.2978],[37.46418,0.282957],[37.537052,0.263981],[37.538589,0.269405],[37.542927,0.27175],[37.544914,0.27419],[37.54483,0.276913],[37.547665,0.279069],[37.548492,0.284778],[37.546597,0.287407],[37.550007,0.295366],[37.550388,0.306168],[37.54842,0.30811],[37.547333,0.314766],[37.549511,0.315974],[37.552685,0.324028],[37.555462,0.327821],[37.580826,0.327519],[37.592171,0.340099],[37.603241,0.360731],[37.598759,0.401492],[37.585629,0.401721],[37.58144,0.420017],[37.58099,0.442366],[37.582363,0.450058],[37.58099,0.451763],[37.582363,0.455507],[37.581188,0.460687],[37.581814,0.463392],[37.586594,0.468628],[37.586678,0.473724],[37.584431,0.474382],[37.58646,0.481161],[37.825977,0.561775],[38.061295,0.667437],[38.094578,0.563133],[38.176544,0.330056],[38.1959,0.322502],[38.19651,0.228681],[38.198853,0.225172],[38.201836,0.226349],[38.213783,0.221507],[38.221432,0.21632],[38.229,0.216487],[38.234329,0.212929],[38.239872,0.20616],[38.24419,0.207111],[38.245621,0.203911],[38.254314,0.199628],[38.258812,0.19412],[38.262764,0.19224],[38.263847,0.185292],[38.267212,0.182068],[38.279144,0.176916],[38.286179,0.171039],[38.28833,0.166506],[38.298218,0.1607],[38.306984,0.131742],[38.305389,0.122438],[38.308235,0.113551],[38.312244,0.109554],[38.319241,0.108626],[38.322071,0.099917],[38.32983,0.096716],[38.329639,0.09304],[38.32444,0.081702],[38.324821,0.078002],[38.330544,0.07291],[38.335979,0.072589],[38.341034,0.069222],[38.339752,0.064855],[38.341202,0.062262],[38.349899,0.062726],[38.345081,0.046165],[38.357643,0.039978],[38.355171,0.032709],[38.357655,0.022311],[38.366425,0.016671],[38.372005,0.007118],[38.377666,0.005916],[38.38007,-0.0019],[38.386082,-0.00297],[38.394787,-0.007564],[38.393562,-0.010779],[38.398712,-0.014095],[38.401592,-0.014119],[38.402317,-0.017355],[38.400047,-0.019342],[38.400772,-0.02191],[38.407364,-0.027123],[38.40477,-0.028146],[38.405014,-0.033466],[38.407101,-0.037021],[38.406685,-0.041364],[38.41066,-0.045468],[38.410629,-0.049691],[38.413551,-0.05077],[38.410576,-0.055661],[38.412827,-0.059366],[38.411549,-0.062341],[38.414734,-0.065197],[38.419285,-0.065825],[38.420704,-0.069285],[38.427273,-0.073689],[38.434345,-0.074801],[38.438221,-0.070238],[38.453354,-0.083801],[38.458725,-0.084795],[38.464001,-0.083195],[38.470543,-0.078019],[38.482197,-0.074742],[38.486382,-0.069417],[38.488064,-0.061262],[38.489986,-0.058769],[38.50174,-0.061827],[38.506374,-0.061536],[38.51181,-0.058775],[38.520741,-0.062386],[38.527695,-0.05473],[38.531803,-0.053903],[38.530952,-0.042048],[38.54134,-0.042167],[38.542789,-0.03084],[38.546638,-0.025861],[38.549824,-0.017777],[38.554874,-0.015475],[38.561684,-0.018098],[38.569382,-0.017194],[38.579998,-0.022816],[38.589321,-0.024654],[38.594582,-0.03021],[38.602749,-0.033024],[38.609207,-0.028039],[38.612759,-0.028747],[38.625519,-0.037961],[38.639702,-0.052143],[38.64949,-0.051905],[38.654346,-0.046087],[38.657932,-0.04507],[38.683243,-0.053737],[38.686214,-0.051577],[38.687004,-0.042399],[38.688683,-0.039972],[38.690926,-0.03974],[38.697975,-0.048752],[38.714596,-0.060042],[38.729244,-0.06282],[38.740078,-0.069358],[38.745972,-0.068948],[38.752094,-0.07169],[38.759434,-0.07213],[38.767056,-0.068924],[38.771847,-0.069402],[38.78651,-0.078711],[38.81057,-0.084199],[38.838335,-0.096954],[38.861249,-0.0948],[38.881731,-0.099532],[38.890235,-0.096452],[38.900377,-0.096613],[38.920071,-0.085823],[38.931049,-0.098117],[38.939831,-0.098951],[38.954758,-0.085955],[38.966965,-0.082267],[38.968979,-0.077676],[38.968288,-0.071681],[38.96999,-0.06123],[38.971951,-0.059001],[38.97662,-0.058365],[38.981712,-0.060328],[38.986912,-0.059426],[38.991367,-0.056614],[38.995293,-0.050248],[38.997681,-0.048974],[38.999908,-0.050088],[39.001606,-0.055235],[39.007442,-0.055367],[39.016464,-0.044438],[39.020229,-0.0429],[39.025642,-0.044093],[39.032642,-0.052211],[39.035934,-0.053643],[39.041183,-0.052211],[39.049301,-0.052608],[39.060921,-0.04672],[39.065323,-0.046322],[39.074078,-0.064837],[39.081772,-0.0707],[39.087711,-0.08009],[39.0979,-0.088048],[39.100605,-0.092425],[39.101665,-0.098155],[39.107025,-0.099163],[39.109676,-0.104733],[39.120075,-0.110118],[39.119015,-0.113726],[39.120552,-0.120623],[39.133499,-0.119455],[39.132278,-0.125875],[39.134769,-0.130146],[39.140873,-0.130093],[39.152225,-0.126856],[39.163368,-0.126564],[39.169308,-0.130225],[39.170635,-0.136804],[39.183422,-0.135292],[39.191803,-0.140836],[39.202625,-0.142746],[39.20512,-0.141525],[39.207134,-0.135955],[39.211594,-0.135292],[39.213924,-0.132215],[39.226448,-0.129986],[39.227932,-0.131366],[39.226501,-0.136512],[39.227562,-0.138369],[39.23801,-0.137865],[39.246449,-0.141738],[39.254669,-0.13874],[39.25568,-0.145213],[39.257324,-0.146539],[39.263477,-0.140915],[39.270958,-0.141578],[39.275257,-0.137175],[39.282154,-0.14126],[39.295513,-0.136125],[39.305,-0.139658],[39.309746,-0.133803],[39.313297,-0.132975],[39.318386,-0.140325],[39.327835,-0.145493],[39.324284,-0.154942],[39.324688,-0.157849],[39.333973,-0.156961],[39.337044,-0.16645],[39.340355,-0.166854],[39.347298,-0.163947],[39.352631,-0.159747],[39.354324,-0.161201],[39.3536,-0.167662],[39.35574,-0.168632],[39.359665,-0.163057],[39.361916,-0.162493],[39.373833,-0.177999],[39.381382,-0.182571],[39.384102,-0.190522],[39.38995,-0.191692],[39.39687,-0.188388],[39.399319,-0.190854],[39.400223,-0.195431],[39.406475,-0.190467],[39.412472,-0.191498],[39.421112,-0.188597],[39.42543,-0.189048],[39.436005,-0.198204],[39.438908,-0.203813],[39.444904,-0.209842],[39.45322,-0.21068],[39.457348,-0.216161],[39.465729,-0.219642],[39.47121,-0.226702],[39.469791,-0.233021],[39.473919,-0.235278],[39.475853,-0.240371],[39.488426,-0.244143],[39.490166,-0.249366],[39.496483,-0.247818],[39.498417,-0.249108],[39.502094,-0.255491],[39.504868,-0.264969],[39.509315,-0.269869],[39.510025,-0.277316],[39.515053,-0.277703],[39.517376,-0.282023],[39.517117,-0.285634],[39.512215,-0.294467],[39.512604,-0.298174],[39.516022,-0.298883],[39.520664,-0.29624],[39.525822,-0.286762],[39.529625,-0.287729],[39.535297,-0.294435],[39.54007,-0.290147],[39.542713,-0.290211],[39.54845,-0.296466],[39.551159,-0.307298],[39.556061,-0.311231],[39.553997,-0.317162],[39.55864,-0.319806],[39.561733,-0.328736],[39.569279,-0.329961],[39.577919,-0.336731],[39.580654,-0.344176],[39.584724,-0.340488],[39.587524,-0.341405],[39.586998,-0.3471],[39.591946,-0.352026],[39.589653,-0.356884],[39.594734,-0.356502],[39.596848,-0.358729],[39.594101,-0.363972],[39.597904,-0.366938],[39.598152,-0.369159],[39.592892,-0.376245],[39.597832,-0.379735],[39.596703,-0.385801],[39.6003,-0.389452],[39.598099,-0.394337],[39.602825,-0.395948],[39.603897,-0.398042],[39.604973,-0.40341],[39.60218,-0.409557],[39.610554,-0.408161],[39.614204,-0.409772],[39.610931,-0.439809],[39.614635,-0.442547],[39.619305,-0.438306],[39.619469,-0.445876],[39.62505,-0.448452],[39.635303,-0.457284],[39.62886,-0.470866],[39.630634,-0.489898],[39.64003,-0.495454],[39.640244,-0.507104],[39.647491,-0.516526],[39.668644,-0.531585],[39.667999,-0.536524],[39.661396,-0.537812],[39.663273,-0.548925],[39.66526,-0.549247],[39.668266,-0.546831],[39.672348,-0.547368],[39.673637,-0.548925],[39.673691,-0.555931],[39.675945,-0.557327],[39.67868,-0.556361],[39.6833,-0.550938],[39.686844,-0.55228],[39.686092,-0.55985],[39.687595,-0.566239],[39.685608,-0.574426],[39.692696,-0.578506],[39.692051,-0.583821],[39.69323,-0.585753],[39.698223,-0.581834],[39.700157,-0.582103],[39.700264,-0.585324],[39.696236,-0.589297],[39.6964,-0.591068],[39.70472,-0.59437],[39.709553,-0.591364],[39.713902,-0.59088],[39.721901,-0.594048],[39.730865,-0.593592],[39.735588,-0.588277],[39.738705,-0.587579],[39.739777,-0.595954],[39.745895,-0.599953],[39.749439,-0.605053],[39.752876,-0.600973],[39.755989,-0.601027],[39.757545,-0.605483],[39.765118,-0.610825],[39.776604,-0.613133],[39.774673,-0.621615],[39.768551,-0.629292],[39.769627,-0.633936],[39.781704,-0.652055],[39.779503,-0.661772],[39.781864,-0.662792],[39.789005,-0.66043],[39.790833,-0.663866],[39.790455,-0.671865],[39.792229,-0.672697],[39.797596,-0.67012],[39.79985,-0.671033],[39.795555,-0.681233],[39.797974,-0.691219],[39.802525,-0.698127],[39.805412,-0.694789],[39.807713,-0.694676],[39.80505,-0.704647],[39.810692,-0.703925],[39.81245,-0.70582],[39.809517,-0.710738],[39.813217,-0.713197],[39.811413,-0.728266],[39.809517,-0.728627],[39.806946,-0.725875],[39.805321,-0.727003],[39.807983,-0.735823],[39.815655,-0.739884],[39.821201,-0.738981],[39.82391,-0.741891],[39.822601,-0.745636],[39.815472,-0.747035],[39.817276,-0.755427],[39.811729,-0.755742],[39.80875,-0.758923],[39.808929,-0.76154],[39.814976,-0.764653],[39.816105,-0.766954],[39.814842,-0.769616],[39.809742,-0.769797],[39.808659,-0.77124],[39.812359,-0.776722],[39.817772,-0.776136],[39.827248,-0.780783],[39.824272,-0.78764],[39.825081,-0.792603],[39.83131,-0.790957],[39.834152,-0.792942],[39.834602,-0.795965],[39.825848,-0.7998],[39.825397,-0.80377],[39.829819,-0.805078],[39.838165,-0.802146],[39.842182,-0.804357],[39.841686,-0.806748],[39.835819,-0.811011],[39.836723,-0.813312],[39.845432,-0.819584],[39.843941,-0.82775],[39.84737,-0.839007],[39.844753,-0.84018],[39.839928,-0.835623],[39.837715,-0.836119],[39.836815,-0.838195],[39.838348,-0.842616],[39.842949,-0.846],[39.841507,-0.852474],[39.844707,-0.853512],[39.846378,-0.852474],[39.849087,-0.842729],[39.853054,-0.84715],[39.858742,-0.848459],[39.8568,-0.853512],[39.85725,-0.859467],[39.85125,-0.87113],[39.856667,-0.874289],[39.859596,-0.881327],[39.857117,-0.885365],[39.851658,-0.885049],[39.850124,-0.886493],[39.850483,-0.888839],[39.855896,-0.893035],[39.851566,-0.896915],[39.858242,-0.905826],[39.860409,-0.914037],[39.864513,-0.915932],[39.860546,-0.921459],[39.860725,-0.926061],[39.864017,-0.927775],[39.872593,-0.92773],[39.874035,-0.932919],[39.878456,-0.936686],[39.877064,-0.942305],[39.871433,-0.94311],[39.868752,-0.947042],[39.871075,-0.951377],[39.869598,-0.958795],[39.873398,-0.958706],[39.878357,-0.951556],[39.881798,-0.951019],[39.878494,-0.958974],[39.880325,-0.969341],[39.885689,-0.967956],[39.893551,-0.973609],[39.892925,-0.975709],[39.888233,-0.974368],[39.884838,-0.977318],[39.889263,-0.981697],[39.887653,-0.98563],[39.891632,-0.989607],[39.885731,-0.995126],[39.88583,-1.000584],[39.889477,-1.005734],[39.898457,-1.006791],[39.898956,-1.009194],[39.896202,-1.014993],[39.899044,-1.028126],[39.907932,-1.035817],[39.912689,-1.042452],[39.908344,-1.05129],[39.917179,-1.058348],[39.913563,-1.064768],[39.918587,-1.076001],[39.920845,-1.078681],[39.925941,-1.077717],[39.929512,-1.105244],[39.932354,-1.110859],[39.932388,-1.12909],[39.936436,-1.132852],[39.94376,-1.131119],[39.944912,-1.138767],[39.955799,-1.144542],[39.962322,-1.156793],[39.962872,-1.167603],[39.969482,-1.176576],[39.97266,-1.186329],[39.981033,-1.193159],[39.979847,-1.202375],[39.983131,-1.204019],[39.98925,-1.202468],[39.991226,-1.20521],[39.989197,-1.209885],[39.991058,-1.212753],[39.997658,-1.213149],[40.000423,-1.215198],[39.995644,-1.226803],[40.000004,-1.233616],[39.995346,-1.238423],[39.996731,-1.239506],[40.004745,-1.237886],[40.007969,-1.240105],[40.007442,-1.245224],[40.001328,-1.25466],[40.003693,-1.25671],[40.00869,-1.257181],[40.011845,-1.264688],[40.004719,-1.269871],[40.00634,-1.278603],[39.99918,-1.285914],[40.004292,-1.293577],[39.997391,-1.298463],[39.997234,-1.299963],[39.999367,-1.308918],[40.004246,-1.315612],[40.004314,-1.324636],[40.011753,-1.329347],[40.007038,-1.334568],[40.000957,-1.348082],[40.00433,-1.354151],[40.00227,-1.361358],[40.004692,-1.36312],[40.009373,-1.360323],[40.010708,-1.368939],[40.014767,-1.374539],[40.01461,-1.376326],[40.009075,-1.379539],[40.012531,-1.381639],[40.02198,-1.400996],[40.024509,-1.422089],[40.031178,-1.424331],[40.032162,-1.425477],[40.030117,-1.427908],[40.034286,-1.432645],[40.033215,-1.448478],[40.029579,-1.452475],[40.035282,-1.455591],[40.032013,-1.462695],[40.036316,-1.469792],[40.035324,-1.474805],[40.038181,-1.480246],[40.03648,-1.482559],[40.031441,-1.482297],[40.032562,-1.487366],[40.038784,-1.490767],[40.070904,-1.470876],[40.079128,-1.474081],[40.087276,-1.474342],[40.090466,-1.484055],[40.097992,-1.496832],[40.101318,-1.499721],[40.105141,-1.507941],[40.106621,-1.521734],[40.114887,-1.552902],[40.126099,-1.570153],[40.143253,-1.586386],[40.149208,-1.595584],[40.153996,-1.607811],[40.158825,-1.630872],[40.159908,-1.644566],[40.157711,-1.681305],[40.158234,-1.697334],[40.160034,-1.703656],[40.170753,-1.723865],[40.169147,-1.735496],[40.16037,-1.753706],[40.157715,-1.763752],[40.158913,-1.783001],[40.162621,-1.804134],[40.163021,-1.823378],[40.167263,-1.833953],[40.178074,-1.846017],[40.187515,-1.862907],[40.188812,-1.872739],[40.186535,-1.894173],[40.189411,-1.936284],[40.185986,-1.95979],[40.190262,-1.970235],[40.19688,-1.980528],[40.196854,-2.000801],[40.206872,-2.018634],[40.213234,-2.03978],[40.399776,-1.951675],[40.50056,-1.90956],[40.902905,-1.714484],[41.562145,-1.65842],[41.562241,-1.597498],[40.992401,-0.829094],[40.991299,0.344074]],[[40.495466,2.845412],[40.495511,2.845968],[40.49582,2.846409],[40.495466,2.845412]],[[40.501907,2.833806],[40.502314,2.834384],[40.501912,2.833681],[40.501907,2.833806]],[[40.498304,2.826489],[40.497978,2.827011],[40.49794,2.827136],[40.498304,2.826489]],[[40.497555,2.819366],[40.496807,2.818933],[40.498049,2.819685],[40.497555,2.819366]],[[40.499086,2.804376],[40.498992,2.804304],[40.499656,2.805017],[40.499086,2.804376]],[[40.522594,2.76766],[40.522478,2.767744],[40.522261,2.76835],[40.522594,2.76766]],[[40.522632,2.75587],[40.52288,2.756569],[40.522702,2.755856],[40.522632,2.75587]],[[40.516698,2.734529],[40.517086,2.734775],[40.516743,2.734466],[40.516698,2.734529]],[[40.516145,2.730597],[40.51621,2.730163],[40.516074,2.730688],[40.516145,2.730597]],[[40.524253,2.693683],[40.524264,2.693655],[40.523176,2.694672],[40.524253,2.693683]],[[40.526804,2.68448],[40.526552,2.682819],[40.52669,2.684594],[40.526804,2.68448]],[[40.539432,2.649479],[40.540063,2.648924],[40.539333,2.649553],[40.539432,2.649479]],[[40.540755,2.647987],[40.540063,2.648924],[40.540177,2.648824],[40.540755,2.647987]],[[40.555097,2.613266],[40.555185,2.612454],[40.555074,2.613324],[40.555097,2.613266]],[[40.556879,2.604182],[40.556981,2.605269],[40.557171,2.606062],[40.557026,2.605277],[40.556879,2.604182]],[[40.597907,2.512291],[40.597659,2.51249],[40.598175,2.512076],[40.597907,2.512291]],[[40.602847,2.50732],[40.603749,2.506023],[40.602689,2.507537],[40.602847,2.50732]],[[40.621455,2.460862],[40.622269,2.460224],[40.621334,2.460935],[40.621455,2.460862]],[[40.623574,2.458833],[40.624456,2.457893],[40.623369,2.459006],[40.623574,2.458833]],[[40.632528,2.451236],[40.631506,2.451885],[40.63025,2.452801],[40.632528,2.451236]],[[40.636997,2.446741],[40.637753,2.446117],[40.636796,2.446782],[40.636997,2.446741]],[[40.671256,2.420892],[40.671055,2.420041],[40.671178,2.421184],[40.671256,2.420892]],[[40.683479,2.369814],[40.684429,2.369776],[40.683861,2.369776],[40.683479,2.369814]]]},"properties":{"REGION":"North Eastern Region","county_count":5,"counties":"Garissa, Wajir, Mandera, Isiolo, Marsabit","RegionalHQ":"Garissa","Colour":"#69e8f1"},"bbox":[36.047611,-2.03978,41.912051,4.45557]},{"type":"Feature","geometry":{"type":"Polygon","coordinates":[[[34.593849,-1.04094],[34.590328,-1.017685],[34.641964,-0.96826],[34.647396,-0.965897],[34.650539,-0.965269],[34.661224,-0.970799],[34.67593,-0.973188],[35.012959,-0.889457],[35.013371,-0.884454],[35.011837,-0.880541],[35.018116,-0.870943],[35.020386,-0.869087],[35.023861,-0.874128],[35.025543,-0.873419],[35.025337,-0.861042],[35.02121,-0.846809],[35.031609,-0.844559],[35.044312,-0.852585],[35.091137,-0.800501],[35.047573,-0.706252],[35.049088,-0.702406],[35.056477,-0.697499],[35.068733,-0.695094],[35.071533,-0.692212],[35.064789,-0.677912],[35.062092,-0.675872],[35.062614,-0.670908],[35.05761,-0.665867],[35.054935,-0.657997],[35.056034,-0.649608],[35.054783,-0.645182],[35.058208,-0.636543],[35.062767,-0.632522],[35.061169,-0.623363],[35.056591,-0.618957],[35.05809,-0.613858],[35.060883,-0.610875],[35.061958,-0.604853],[35.050758,-0.582283],[35.049282,-0.571507],[35.047092,-0.570718],[35.050018,-0.565057],[35.049221,-0.555708],[35.050766,-0.552485],[35.049591,-0.546198],[35.05183,-0.542629],[35.048687,-0.536503],[35.052414,-0.534052],[35.050869,-0.52702],[35.047707,-0.524501],[35.047707,-0.522088],[35.051773,-0.518308],[35.05265,-0.511805],[35.056023,-0.507475],[35.049847,-0.4973],[35.046505,-0.499556],[35.04245,-0.499632],[35.032833,-0.49717],[35.033527,-0.484635],[35.038754,-0.483924],[35.040245,-0.479322],[35.04195,-0.455132],[35.045048,-0.454599],[35.043911,-0.45108],[35.044846,-0.446823],[35.038338,-0.437401],[35.03825,-0.43076],[35.032131,-0.419477],[35.029804,-0.418966],[35.025795,-0.413778],[35.019802,-0.412904],[35.021404,-0.40518],[35.017105,-0.399609],[35.017616,-0.39627],[35.012333,-0.391419],[35.012894,-0.378921],[35.009064,-0.369515],[35.009346,-0.363353],[35.007378,-0.35825],[35.008247,-0.338712],[35.012043,-0.332104],[35.023148,-0.323531],[35.031952,-0.312135],[35.052479,-0.294417],[35.052559,-0.279042],[35.056572,-0.258093],[35.057919,-0.234497],[35.063507,-0.215715],[35.070877,-0.212618],[35.07246,-0.208747],[35.103901,-0.201678],[35.121304,-0.171989],[35.128338,-0.156102],[35.130589,-0.157715],[35.130299,-0.155295],[35.132679,-0.155869],[35.137768,-0.1635],[35.139202,-0.163336],[35.138916,-0.160956],[35.154957,-0.166331],[35.160599,-0.165264],[35.163265,-0.162802],[35.166176,-0.163377],[35.166382,-0.165551],[35.172928,-0.162843],[35.183369,-0.166126],[35.185974,-0.162515],[35.184292,-0.160423],[35.186302,-0.160054],[35.191101,-0.163418],[35.197262,-0.162881],[35.201164,-0.166346],[35.203545,-0.165813],[35.203789,-0.168992],[35.215145,-0.175074],[35.215324,-0.179861],[35.217667,-0.181079],[35.218761,-0.185753],[35.217602,-0.187961],[35.219894,-0.192139],[35.218658,-0.19429],[35.227043,-0.196375],[35.231838,-0.193938],[35.23518,-0.196213],[35.23653,-0.201048],[35.239635,-0.199773],[35.243279,-0.204217],[35.244785,-0.201762],[35.248295,-0.207844],[35.246754,-0.209633],[35.247631,-0.213136],[35.249706,-0.213078],[35.249771,-0.214973],[35.256149,-0.221749],[35.261166,-0.223853],[35.25927,-0.229497],[35.261765,-0.233627],[35.263248,-0.232638],[35.270645,-0.237882],[35.284824,-0.235883],[35.298321,-0.23832],[35.300484,-0.240366],[35.304573,-0.24029],[35.313313,-0.248818],[35.339676,-0.240176],[35.342213,-0.236476],[35.330433,-0.192185],[35.330318,-0.176251],[35.295738,-0.176043],[35.289402,-0.16513],[35.280273,-0.165962],[35.280533,-0.161367],[35.284561,-0.157059],[35.277367,-0.144802],[35.270317,-0.152595],[35.253315,-0.120542],[35.236477,-0.119591],[35.226482,-0.106569],[35.226482,-0.067726],[35.220753,-0.037091],[35.217339,-0.037876],[35.215187,-0.034126],[35.2122,-0.032601],[35.209942,-0.033336],[35.206108,-0.029177],[35.202789,-0.030533],[35.19912,-0.027292],[35.194996,-0.027987],[35.193741,-0.026377],[35.187393,-0.029946],[35.185322,-0.028834],[35.183235,-0.030195],[35.181236,-0.028539],[35.178547,-0.030383],[35.177101,-0.028472],[35.166073,-0.032581],[35.161457,-0.031243],[35.157928,-0.037115],[35.155006,-0.036839],[35.151844,-0.039246],[35.152439,-0.036573],[35.1003,-0.003722],[35.101341,-0.006536],[35.100292,-0.012018],[35.101967,-0.013712],[35.100494,-0.016539],[35.102215,-0.024334],[35.101379,-0.026695],[35.094898,-0.031768],[35.09127,-0.045178],[35.085606,-0.050404],[35.082191,-0.050242],[35.080666,-0.053345],[35.079258,-0.052755],[35.071884,-0.057161],[35.069759,-0.060902],[35.070038,-0.06435],[35.065613,-0.068771],[35.049995,-0.035612],[35.032578,-0.035225],[35.00684,-0.029613],[34.989422,-0.02013],[34.989807,-0.024774],[34.978775,-0.024581],[34.964649,-0.032322],[34.957874,-0.026516],[34.952843,-0.026903],[34.955166,-0.030967],[34.934166,-0.035903],[34.923717,-0.036677],[34.919846,-0.033387],[34.9212,-0.026806],[34.906105,-0.029322],[34.89159,-0.025645],[34.879978,-0.027387],[34.82666,-0.028452],[34.809048,-0.022839],[34.803421,-0.017748],[34.803692,-0.012852],[34.811951,-0.004028],[34.830669,0.023905],[34.818691,0.021943],[34.80962,0.010977],[34.803448,0.010103],[34.78727,-0.007096],[34.782433,-0.015246],[34.780975,-0.021394],[34.774391,-0.017142],[34.767948,-0.018629],[34.76305,-0.017566],[34.760414,-0.023383],[34.757195,-0.026348],[34.754612,-0.033421],[34.750568,-0.033053],[34.747074,-0.024732],[34.739937,-0.025768],[34.72757,-0.006548],[34.714947,-0.0104],[34.708092,-0.021822],[34.694241,-0.020846],[34.686989,-0.026533],[34.692547,-0.014668],[34.690575,-0.010595],[34.671955,-0.015838],[34.662792,-0.014441],[34.654167,-0.006612],[34.648491,-0.005726],[34.637535,-0.000658],[34.613853,-0.000697],[34.610626,0.005369],[34.608467,0.006059],[34.603844,0.012375],[34.588898,0.001211],[34.592083,-0.007321],[34.587818,-0.010586],[34.585625,-0.016293],[34.585705,-0.020979],[34.582737,-0.02418],[34.582504,-0.031208],[34.575787,-0.035893],[34.570633,-0.03605],[34.564934,-0.04011],[34.560558,-0.034019],[34.560013,-0.029256],[34.56337,-0.026601],[34.563683,-0.023555],[34.560951,-0.020822],[34.563606,-0.016293],[34.554783,-0.015512],[34.550407,-0.021603],[34.547596,-0.021916],[34.545177,-0.021291],[34.541584,-0.016215],[34.534115,-0.015367],[34.535038,-0.012579],[34.543491,-0.00439],[34.537292,0.005366],[34.542522,0.007617],[34.551216,0.018251],[34.5541,0.043558],[34.556747,0.047934],[34.560184,0.046871],[34.557865,0.054942],[34.56028,0.071648],[34.55497,0.08867],[34.560349,0.093926],[34.555119,0.0993],[34.559254,0.101324],[34.560753,0.106928],[34.556644,0.111506],[34.544975,0.113445],[34.548153,0.11724],[34.553215,0.118097],[34.552326,0.122035],[34.554363,0.123962],[34.555214,0.128269],[34.549496,0.13135],[34.545837,0.13762],[34.541649,0.13857],[34.532463,0.133799],[34.530109,0.128481],[34.524742,0.124269],[34.513824,0.130498],[34.51165,0.121568],[34.508492,0.11827],[34.503616,0.122264],[34.504913,0.124494],[34.502499,0.128488],[34.495579,0.121846],[34.503288,0.115762],[34.495113,0.111164],[34.495441,0.104382],[34.493164,0.102199],[34.487743,0.104642],[34.479439,0.105656],[34.473568,0.102598],[34.473866,0.112758],[34.478508,0.113008],[34.48008,0.115281],[34.473454,0.11948],[34.463554,0.123097],[34.459053,0.123085],[34.456726,0.130688],[34.471573,0.131175],[34.476471,0.136464],[34.481724,0.138357],[34.484009,0.140478],[34.481594,0.147754],[34.481903,0.151627],[34.476486,0.155898],[34.467075,0.157683],[34.461132,0.154709],[34.450924,0.152995],[34.442715,0.147772],[34.436527,0.146095],[34.430038,0.147761],[34.424927,0.152555],[34.434708,0.156779],[34.441734,0.168022],[34.430607,0.177974],[34.42947,0.183147],[34.42593,0.186859],[34.436275,0.202159],[34.446976,0.20386],[34.451408,0.206835],[34.444817,0.218601],[34.428486,0.212831],[34.4207,0.204265],[34.412025,0.199744],[34.407738,0.19201],[34.400848,0.186098],[34.387966,0.180125],[34.385094,0.180597],[34.384659,0.183485],[34.388496,0.192477],[34.39175,0.20725],[34.390224,0.216003],[34.383804,0.229265],[34.390057,0.233262],[34.398098,0.234077],[34.398998,0.238169],[34.398731,0.253818],[34.401375,0.26187],[34.391796,0.270225],[34.389534,0.275416],[34.397263,0.282418],[34.396915,0.285389],[34.391624,0.287777],[34.370659,0.306559],[34.366486,0.300369],[34.361912,0.297785],[34.356586,0.305792],[34.334675,0.311216],[34.315048,0.309237],[34.299839,0.310742],[34.286953,0.307322],[34.285164,0.309818],[34.263565,0.315219],[34.256897,0.315074],[34.249916,0.313378],[34.237377,0.289652],[34.207645,0.288327],[34.206234,0.283305],[34.207661,0.279612],[34.206184,0.269818],[34.206863,0.262841],[34.204483,0.260062],[34.20507,0.264193],[34.203224,0.2676],[34.18853,0.275804],[34.184586,0.285874],[34.179188,0.289],[34.175789,0.294739],[34.15876,0.30052],[34.157761,0.289679],[34.138638,0.258285],[34.131832,0.251321],[34.116085,0.241979],[34.116077,0.220085],[34.112541,0.209531],[34.109455,0.20598],[34.110771,0.200128],[34.105499,0.186898],[34.112076,0.176076],[34.114208,0.145162],[34.109116,0.131861],[34.103168,0.125476],[34.102406,0.129241],[34.105133,0.135736],[34.099949,0.135845],[34.093746,0.130664],[34.091393,0.124112],[34.090145,0.123468],[34.08947,0.125913],[34.087154,0.126424],[34.08445,0.122743],[34.071835,0.119647],[34.07375,0.104808],[34.065998,0.090508],[34.042133,-0.000138],[34.030155,-0.01737],[34.019398,-0.026972],[34.011101,-0.025908],[33.944485,-0.026645],[33.967317,-0.110867],[33.972716,-0.146072],[33.964327,-0.195758],[33.961517,-0.205115],[33.956326,-0.260062],[33.949422,-0.285119],[33.95459,-0.294889],[33.949364,-0.2977],[33.943963,-0.320225],[33.931712,-0.401759],[33.9241,-0.44008],[33.92454,-0.45226],[33.922167,-0.459937],[33.919978,-0.491594],[33.916725,-0.605224],[33.919865,-0.692488],[33.922637,-0.86202],[33.921392,-0.87726],[33.92335,-0.88929],[33.922467,-0.910071],[33.92483,-0.99408],[34.02395,-0.99424],[34.02897,-0.99608],[34.03164,-1.00597],[34.02804,-1.01102],[34.02666,-1.02734],[34.02779,-1.03309],[34.03601,-1.03885],[34.044,-1.03863],[34.08033,-1.02465],[34.09883,-1.02307],[34.105228,-1.024684],[34.170245,-1.063571],[34.181019,-1.067989],[34.374863,-1.18861],[34.730568,-1.38903],[34.688625,-1.210555],[34.686161,-1.208094],[34.68045,-1.210581],[34.673199,-1.20802],[34.671227,-1.196436],[34.665543,-1.192865],[34.661083,-1.187211],[34.653191,-1.184248],[34.654282,-1.174066],[34.649563,-1.171762],[34.639603,-1.161862],[34.632187,-1.159349],[34.631924,-1.155063],[34.63467,-1.148675],[34.628441,-1.119236],[34.62109,-1.109609],[34.61861,-1.094739],[34.61396,-1.085689],[34.614044,-1.080485],[34.616943,-1.072524],[34.599129,-1.054641],[34.593849,-1.04094]]]},"properties":{"REGION":"Nyanza Region","county_count":6,"counties":"Kisumu, Siaya, Homa Bay, Migori, Kisii, Nyamira","RegionalHQ":"Kisumu","Colour":"#e2e91a"},"bbox":[33.916725,-1.38903,35.342213,0.315219]},{"type":"Feature","geometry":{"type":"MultiPolygon","coordinates":[[[[35.01297,-0.889335],[34.67593,-0.973188],[34.661224,-0.970799],[34.649033,-0.965394],[34.641964,-0.96826],[34.590328,-1.017685],[34.596741,-1.050619],[34.601139,-1.056904],[34.616943,-1.072524],[34.614044,-1.080485],[34.61396,-1.085689],[34.61861,-1.094739],[34.62109,-1.109609],[34.628441,-1.119236],[34.63467,-1.148675],[34.631924,-1.155063],[34.632187,-1.159349],[34.639603,-1.161862],[34.649563,-1.171762],[34.654282,-1.174066],[34.653191,-1.184248],[34.661083,-1.187211],[34.665543,-1.192865],[34.671227,-1.196436],[34.673199,-1.20802],[34.68045,-1.210581],[34.686161,-1.208094],[34.688625,-1.210555],[34.730568,-1.38903],[36.000206,-2.104406],[36.000206,-2.083073],[36.028172,-2.082952],[36.028172,-2.039697],[36.030922,-2.035923],[36.029667,-2.031383],[36.030346,-2.022088],[36.03764,-2.006696],[36.035549,-2.002474],[36.03561,-1.993202],[36.040142,-1.975496],[36.037308,-1.972021],[36.039536,-1.969814],[36.041615,-1.960231],[36.037895,-1.949284],[36.040859,-1.946874],[36.043129,-1.938735],[36.041729,-1.933331],[36.037239,-1.928939],[36.038181,-1.920621],[36.03458,-1.918985],[36.033989,-1.916595],[36.03701,-1.913053],[36.043018,-1.911231],[36.044003,-1.909088],[36.043129,-1.907067],[36.039791,-1.907222],[36.03426,-1.902436],[36.026917,-1.890331],[36.028065,-1.888696],[36.031742,-1.888153],[36.034904,-1.891482],[36.037449,-1.89048],[36.037994,-1.877185],[36.044697,-1.87766],[36.047432,-1.872128],[36.048244,-1.861653],[36.050247,-1.857445],[36.048027,-1.847798],[36.049038,-1.842225],[36.042465,-1.834899],[36.044418,-1.831192],[36.04018,-1.828536],[36.041355,-1.82541],[36.039848,-1.821672],[36.037632,-1.820872],[36.03149,-1.825291],[36.029358,-1.825291],[36.030571,-1.820126],[36.029343,-1.809771],[36.023487,-1.806179],[36.01759,-1.807802],[36.01638,-1.804044],[36.026657,-1.796078],[36.022991,-1.792166],[36.029377,-1.789244],[36.031334,-1.786186],[36.031658,-1.780345],[36.025845,-1.779544],[36.021599,-1.776073],[36.031906,-1.767923],[36.031349,-1.761611],[36.034031,-1.761365],[36.035133,-1.756835],[36.033756,-1.753951],[36.03619,-1.750505],[36.035721,-1.74382],[36.041683,-1.73995],[36.041054,-1.732507],[36.043598,-1.7324],[36.047043,-1.734972],[36.049732,-1.729604],[36.047611,-1.719534],[36.038712,-1.713471],[36.038105,-1.710197],[36.041649,-1.709546],[36.044872,-1.710911],[36.047604,-1.705598],[36.056358,-1.711575],[36.055889,-1.707719],[36.05759,-1.706264],[36.057625,-1.702901],[36.064621,-1.698833],[36.06171,-1.689903],[36.057785,-1.687583],[36.05732,-1.682947],[36.055305,-1.680135],[36.058453,-1.673158],[36.051754,-1.665649],[36.052307,-1.660807],[36.050076,-1.655175],[36.04747,-1.654132],[36.047283,-1.649477],[36.052208,-1.646855],[36.051197,-1.642843],[36.052704,-1.636319],[36.055923,-1.632212],[36.057896,-1.62367],[36.055611,-1.618466],[36.063343,-1.61686],[36.062496,-1.610759],[36.065144,-1.610112],[36.067245,-1.607342],[36.069008,-1.599623],[36.072559,-1.593503],[36.074745,-1.592323],[36.077145,-1.595369],[36.078724,-1.594855],[36.079494,-1.586831],[36.084015,-1.579515],[36.085251,-1.574242],[36.083637,-1.560648],[36.073444,-1.542345],[36.06834,-1.526888],[36.060345,-1.510194],[36.059326,-1.500838],[36.052032,-1.490887],[36.346176,-1.175681],[36.333923,-1.049367],[36.489265,-1.122533],[36.53373,-1.155907],[36.541656,-1.127002],[36.563854,-1.10011],[36.566952,-1.101497],[36.588272,-1.063382],[36.584251,-1.044381],[36.595409,-0.991701],[36.594028,-0.983415],[36.588505,-0.982034],[36.584915,-0.979272],[36.584915,-0.961872],[36.579945,-0.948062],[36.572487,-0.942262],[36.576077,-0.938119],[36.578011,-0.929281],[36.574696,-0.924309],[36.568344,-0.921547],[36.561161,-0.924309],[36.552849,-0.919996],[36.542923,-0.908223],[36.550365,-0.868721],[36.546928,-0.85813],[36.548363,-0.850115],[36.558094,-0.837806],[36.55294,-0.828932],[36.531414,-0.745882],[36.526649,-0.731469],[36.516968,-0.711319],[36.5397,-0.696453],[36.517902,-0.653057],[36.524925,-0.649036],[36.522079,-0.636921],[36.513844,-0.631049],[36.517162,-0.623898],[36.513256,-0.623682],[36.510616,-0.620564],[36.509914,-0.609582],[36.500923,-0.623761],[36.464771,-0.630726],[36.449772,-0.613061],[36.446373,-0.571198],[36.437241,-0.575464],[36.408039,-0.579212],[36.400177,-0.572741],[36.401688,-0.569986],[36.401535,-0.557356],[36.404373,-0.552602],[36.400528,-0.548009],[36.402363,-0.5412],[36.39769,-0.536509],[36.397213,-0.5316],[36.402916,-0.524167],[36.401459,-0.519589],[36.398212,-0.516362],[36.400528,-0.511956],[36.399776,-0.506178],[36.393379,-0.499573],[36.395912,-0.490417],[36.390934,-0.476397],[36.393143,-0.473713],[36.390038,-0.470743],[36.387859,-0.463919],[36.384602,-0.463234],[36.385773,-0.458637],[36.383976,-0.455677],[36.386211,-0.451118],[36.387012,-0.442038],[36.383537,-0.427352],[36.379387,-0.425772],[36.377789,-0.423068],[36.376801,-0.405594],[36.364273,-0.396533],[36.36058,-0.390441],[36.358837,-0.379715],[36.331821,-0.392802],[36.310154,-0.390709],[36.307446,-0.371873],[36.290058,-0.378429],[36.273163,-0.394888],[36.261311,-0.344083],[36.252533,-0.343754],[36.247684,-0.347116],[36.233746,-0.342914],[36.229279,-0.343507],[36.22776,-0.352011],[36.222473,-0.356575],[36.208641,-0.274295],[36.243973,-0.257835],[36.232891,-0.232158],[36.221149,-0.212955],[36.21632,-0.214492],[36.209957,-0.205274],[36.208752,-0.191997],[36.198437,-0.140095],[36.218079,-0.114089],[36.219719,-0.109017],[36.226093,-0.111346],[36.226093,-0.118948],[36.244465,-0.12117],[36.250004,-0.089644],[36.249641,-0.061516],[36.246399,-0.060156],[36.246399,-0.054405],[36.250736,-0.050432],[36.255486,-0.021959],[36.267273,-0.021581],[36.271255,-0.001097],[36.29269,0.011928],[36.293518,0.004763],[36.298576,0.005241],[36.302544,0.016119],[36.330627,0.02294],[36.329739,0.028557],[36.345608,0.031009],[36.336426,0.062841],[36.348774,0.070509],[36.354393,0.068637],[36.363441,0.04853],[36.375702,0.037251],[36.381989,0.035601],[36.384796,0.031678],[36.385376,0.037251],[36.39249,0.030502],[36.39933,0.032882],[36.398884,0.040104],[36.413509,0.039614],[36.423939,0.045989],[36.41275,0.051205],[36.40073,0.059643],[36.423126,0.085417],[36.441078,0.091524],[36.462452,0.140295],[36.510445,0.085129],[36.521347,0.048695],[36.573845,0.070777],[36.588245,0.044062],[36.589104,0.027822],[36.59919,0.003372],[36.607056,0.003323],[36.632385,0.013848],[36.63464,0.016176],[36.649494,-0.016922],[36.589539,-0.020834],[36.586582,-0.022132],[36.582649,-0.020893],[36.579758,-0.022277],[36.578491,-0.026865],[36.573654,-0.033902],[36.558895,-0.044855],[36.556957,-0.052425],[36.553165,-0.05558],[36.552658,-0.059987],[36.549526,-0.062125],[36.549339,-0.065633],[36.544579,-0.068374],[36.557411,-0.08073],[36.552158,-0.091465],[36.559345,-0.092866],[36.568668,-0.103662],[36.573166,-0.105176],[36.596443,-0.104068],[36.632908,-0.108736],[36.653797,-0.154186],[36.7108,-0.136741],[36.715935,-0.129565],[36.752186,-0.120836],[36.763191,-0.109319],[36.764942,-0.114745],[36.790672,-0.106752],[36.829063,-0.103601],[36.829006,-0.135691],[36.843651,-0.137383],[36.852867,-0.143042],[36.859566,-0.143487],[36.860157,-0.146063],[36.857021,-0.150141],[36.856594,-0.154936],[36.862507,-0.159797],[36.864613,-0.168792],[36.867756,-0.172303],[36.869118,-0.177765],[36.868965,-0.179999],[36.864399,-0.181793],[36.862129,-0.188222],[36.855717,-0.19028],[36.850105,-0.197631],[36.843426,-0.19653],[36.837585,-0.197745],[36.841488,-0.207687],[36.841,-0.216029],[36.854736,-0.254302],[36.868839,-0.249043],[36.877781,-0.260293],[36.961216,-0.284725],[36.985413,-0.296194],[36.9958,-0.271313],[36.988132,-0.255677],[37.001167,-0.248763],[37.002178,-0.245233],[37.007908,-0.240427],[37.008907,-0.235031],[37.011604,-0.231802],[37.007423,-0.225359],[37.007027,-0.221204],[37.016804,-0.180796],[37.004429,-0.176792],[37.006706,-0.150287],[37.002365,-0.149934],[36.999321,-0.147148],[36.993824,-0.145701],[36.983601,-0.134985],[36.980618,-0.098573],[36.976521,-0.079854],[36.978046,-0.076097],[36.976994,-0.070816],[36.984104,-0.069936],[36.987862,-0.066518],[36.99646,-0.06496],[37.024357,-0.049103],[37.026318,-0.044436],[37.049656,-0.01505],[37.051502,-0.00994],[37.063229,0.001883],[37.071144,0.0009],[37.076862,0.009813],[37.079384,0.002722],[37.076244,-0.0009],[37.07653,-0.002687],[37.087475,-0.016506],[37.091766,-0.01746],[37.099873,-0.0279],[37.112095,-0.038196],[37.123703,-0.054468],[37.130466,-0.036871],[37.1315,-0.029827],[37.122772,-0.024758],[37.110302,-0.012908],[37.103245,0.006506],[37.0881,0.022645],[37.110638,0.039139],[37.139721,0.040716],[37.153683,0.05125],[37.188759,0.058998],[37.202808,0.068593],[37.223003,0.076723],[37.23354,0.083672],[37.235046,0.102457],[37.248028,0.105087],[37.250431,0.097646],[37.253399,0.098093],[37.26236,0.11218],[37.279003,0.128244],[37.281689,0.134063],[37.280792,0.152416],[37.30228,0.171664],[37.307201,0.179722],[37.321976,0.183303],[37.329136,0.182408],[37.338089,0.184198],[37.333614,0.192256],[37.348572,0.196299],[37.348099,0.207322],[37.351315,0.209718],[37.351585,0.213424],[37.354645,0.216781],[37.35487,0.223969],[37.359344,0.233096],[37.363773,0.237473],[37.363224,0.242347],[37.366955,0.2465],[37.36208,0.248141],[37.359745,0.2537],[37.362877,0.254956],[37.364273,0.258864],[37.372459,0.262712],[37.374615,0.271195],[37.386131,0.274752],[37.388466,0.278382],[37.386353,0.280795],[37.388229,0.285652],[37.394039,0.289449],[37.394485,0.292931],[37.392197,0.296512],[37.395531,0.300043],[37.392746,0.3036],[37.393791,0.307778],[37.391178,0.312205],[37.393692,0.316233],[37.391102,0.324639],[37.392818,0.332747],[37.391525,0.336303],[37.39267,0.341948],[37.391335,0.345455],[37.391895,0.353129],[37.390308,0.354855],[37.383644,0.355775],[37.381828,0.360426],[37.37812,0.363684],[37.376926,0.367762],[37.379341,0.376889],[37.376705,0.379774],[37.370041,0.381963],[37.36882,0.395193],[37.36253,0.407354],[37.354099,0.411085],[37.351337,0.431452],[37.348278,0.439486],[37.348877,0.455824],[37.356853,0.465291],[37.35754,0.471842],[37.35989,0.473972],[37.358971,0.480082],[37.361149,0.484665],[37.358379,0.491969],[37.359501,0.500202],[37.361107,0.503466],[37.367977,0.508533],[37.369049,0.511553],[37.213192,0.529722],[36.864368,0.565754],[36.864063,0.572271],[36.867653,0.578732],[36.868057,0.587413],[36.865608,0.591975],[36.86705,0.596947],[36.871231,0.598434],[36.87569,0.605079],[36.879177,0.605358],[36.882477,0.60889],[36.883591,0.613118],[36.888058,0.609622],[36.890175,0.623127],[36.893513,0.621994],[36.897625,0.63073],[36.909607,0.63271],[36.908195,0.643606],[36.909473,0.647785],[36.912582,0.650629],[36.911667,0.656754],[36.913841,0.658681],[36.913403,0.661257],[36.921341,0.660609],[36.923748,0.665322],[36.92411,0.671581],[36.927124,0.6766],[36.925655,0.688831],[36.927258,0.728904],[36.931286,0.733282],[36.93166,0.745732],[36.934372,0.754003],[36.937656,0.752993],[36.941761,0.747342],[36.948074,0.743995],[36.960114,0.744067],[36.966293,0.742132],[36.974438,0.747058],[36.980595,0.744532],[36.992287,0.747885],[36.996349,0.750972],[37.00214,0.750027],[37.008724,0.751635],[37.016586,0.75574],[37.046577,0.76619],[37.05788,0.77222],[37.059772,0.771967],[37.063148,0.766771],[37.069496,0.765779],[37.072056,0.773009],[37.070782,0.77699],[37.072369,0.779134],[37.08746,0.782796],[37.092827,0.782701],[37.096519,0.785708],[37.103058,0.787563],[37.107761,0.785921],[37.10997,0.780807],[37.117516,0.783396],[37.124367,0.77806],[37.128345,0.766632],[37.136585,0.759465],[37.151741,0.760917],[37.152401,0.752993],[37.161938,0.751635],[37.163391,0.745637],[37.168568,0.742669],[37.174786,0.745447],[37.181763,0.742575],[37.20219,0.746521],[37.2062,0.741533],[37.21994,0.739438],[37.230511,0.749867],[37.235844,0.751509],[37.238056,0.755645],[37.243294,0.758549],[37.246864,0.763001],[37.256493,0.764169],[37.264744,0.757831],[37.266373,0.753624],[37.27029,0.752267],[37.275024,0.743806],[37.289173,0.736453],[37.290874,0.731272],[37.300247,0.720864],[37.305195,0.703159],[37.308319,0.700951],[37.314449,0.684921],[37.32629,0.668397],[37.32671,0.660515],[37.331696,0.650311],[37.342663,0.64578],[37.343346,0.638051],[37.347534,0.632873],[37.349514,0.62621],[37.352829,0.621565],[37.351761,0.615739],[37.354046,0.608924],[37.353931,0.6007],[37.356216,0.599291],[37.363487,0.599329],[37.364937,0.586955],[37.374493,0.587602],[37.378212,0.583814],[37.382603,0.582652],[37.391171,0.576599],[37.406101,0.579722],[37.424042,0.579484],[37.428013,0.583175],[37.435516,0.580278],[37.440716,0.582421],[37.447025,0.580397],[37.462387,0.586391],[37.465881,0.590995],[37.470287,0.593337],[37.477829,0.588098],[37.491684,0.588852],[37.492836,0.585557],[37.490532,0.578888],[37.492279,0.576189],[37.502357,0.575571],[37.507557,0.569716],[37.514282,0.56809],[37.524101,0.570341],[37.531898,0.565242],[37.544991,0.577972],[37.547054,0.577921],[37.549664,0.574189],[37.557392,0.570999],[37.564693,0.572084],[37.567188,0.570722],[37.576504,0.574617],[37.58086,0.572766],[37.583347,0.574913],[37.58226,0.584979],[37.583542,0.588433],[37.59124,0.588339],[37.597473,0.591657],[37.605846,0.591525],[37.61871,0.600095],[37.622585,0.598437],[37.62788,0.600031],[37.630184,0.596914],[37.632839,0.597184],[37.635715,0.601241],[37.636497,0.607525],[37.641869,0.612663],[37.641029,0.614767],[37.637432,0.614767],[37.638577,0.621441],[37.643879,0.622422],[37.64576,0.628457],[37.65044,0.63219],[37.656067,0.63125],[37.661102,0.633379],[37.665077,0.632763],[37.673573,0.641276],[37.676632,0.639765],[37.678356,0.642412],[37.68116,0.642581],[37.682983,0.651418],[37.686176,0.656489],[37.690865,0.659963],[37.690666,0.663089],[37.702808,0.667238],[37.709068,0.667238],[37.713989,0.66008],[37.723831,0.654711],[37.728752,0.656501],[37.729202,0.661869],[37.734123,0.662316],[37.739937,0.667238],[37.746651,0.676185],[37.752911,0.67529],[37.757832,0.672606],[37.76857,0.673501],[37.773937,0.677974],[37.789597,0.672159],[37.803467,0.675738],[37.811069,0.674395],[37.82494,0.679764],[37.832096,0.679764],[37.844624,0.689606],[37.842384,0.703475],[37.846413,0.711527],[37.85849,0.718238],[37.866993,0.726738],[37.875046,0.730317],[37.87236,0.735685],[37.876835,0.744185],[37.888466,0.738817],[37.896519,0.727633],[37.8992,0.728975],[37.902332,0.72629],[37.902332,0.720922],[37.90815,0.71958],[37.912624,0.711975],[37.927387,0.721817],[37.936333,0.730317],[37.940361,0.738817],[37.953781,0.74687],[37.958256,0.751343],[37.971676,0.754475],[37.972122,0.759843],[37.980175,0.769685],[37.988228,0.777291],[37.994938,0.77908],[37.999413,0.786686],[38.004333,0.788028],[38.009705,0.792501],[38.007465,0.800107],[38.011494,0.803686],[38.015965,0.802344],[38.015518,0.796975],[38.024017,0.796975],[38.030281,0.790712],[38.046833,0.784449],[38.049965,0.778633],[38.06115,0.778633],[38.064728,0.78087],[38.080925,0.781438],[38.047512,0.804963],[38.030838,1.085136],[37.948162,1.194319],[37.945293,1.26288],[37.950619,1.386963],[37.852123,1.459064],[37.848824,1.452712],[37.849522,1.447178],[37.846169,1.442909],[37.84642,1.435573],[37.842976,1.431335],[37.844368,1.427445],[37.842659,1.425801],[37.831497,1.425074],[37.825867,1.420836],[37.816982,1.422923],[37.810909,1.418496],[37.799652,1.418275],[37.793579,1.414132],[37.787193,1.415018],[37.782085,1.419626],[37.778416,1.411823],[37.774921,1.41214],[37.772953,1.409726],[37.768421,1.41396],[37.761417,1.414011],[37.755295,1.411849],[37.747604,1.413338],[37.736729,1.407396],[37.724903,1.405638],[37.718533,1.407459],[37.709988,1.407231],[37.683636,1.398962],[37.673927,1.403135],[37.67054,1.399544],[37.664623,1.397673],[37.660423,1.398128],[37.657314,1.395245],[37.654709,1.400303],[37.652916,1.400884],[37.646744,1.399165],[37.639362,1.391098],[37.633446,1.389202],[37.629738,1.383728],[37.622597,1.38369],[37.62146,1.376938],[37.617943,1.378101],[37.610054,1.375396],[37.606693,1.376154],[37.602341,1.38106],[37.598045,1.391554],[37.596176,1.389717],[37.595741,1.384575],[37.589371,1.379087],[37.587448,1.36824],[37.579433,1.365281],[37.582138,1.370844],[37.577106,1.379922],[37.573017,1.380993],[37.569595,1.388823],[37.563099,1.390517],[37.557804,1.396207],[37.469196,1.554285],[37.442989,1.587368],[37.350548,1.742138],[37.306107,1.765452],[37.265976,1.878764],[37.247681,1.880994],[37.244484,1.882682],[37.240959,1.885847],[37.23888,1.892297],[37.232098,1.900224],[37.21986,1.907036],[37.216244,1.911858],[37.210667,1.91439],[37.190865,1.930424],[37.186916,1.935548],[37.180767,1.949714],[37.179531,1.959178],[37.174919,1.958214],[37.150898,1.967919],[37.129772,1.970993],[37.120941,1.976087],[37.09668,1.983248],[37.03685,1.982507],[37.00716,1.985099],[36.950012,2.025109],[36.939899,2.024753],[36.924374,2.016705],[36.917751,2.016634],[36.915756,2.018023],[36.918888,2.033797],[36.919102,2.052562],[36.921024,2.058295],[36.918247,2.08347],[36.919994,2.099529],[36.912746,2.10003],[36.915287,2.125653],[36.903027,2.156668],[36.896942,2.191725],[36.892853,2.197492],[36.865791,2.253846],[36.843517,2.274762],[36.756699,2.516061],[36.752445,2.516504],[36.74678,2.514084],[36.739349,2.514999],[36.714088,2.508513],[36.707901,2.508349],[36.706879,2.511652],[36.704365,2.513197],[36.699718,2.512368],[36.702202,2.497546],[36.701481,2.485175],[36.703365,2.479041],[36.697472,2.466225],[36.699459,2.458206],[36.698601,2.455122],[36.695347,2.454642],[36.687294,2.459063],[36.684345,2.457932],[36.67112,2.445458],[36.661079,2.430311],[36.656246,2.419826],[36.650696,2.419414],[36.646893,2.413417],[36.644871,2.418249],[36.643497,2.418283],[36.643364,2.405776],[36.637913,2.391828],[36.639557,2.41071],[36.638084,2.410607],[36.63723,2.406804],[36.633938,2.40533],[36.630821,2.412424],[36.623245,2.415816],[36.620609,2.413143],[36.621189,2.405193],[36.618999,2.399813],[36.608887,2.396557],[36.605049,2.398134],[36.603542,2.403274],[36.590725,2.414103],[36.5849,2.407386],[36.577499,2.407146],[36.574482,2.404371],[36.566463,2.404885],[36.564819,2.400464],[36.559681,2.397106],[36.552448,2.398751],[36.546726,2.403103],[36.540352,2.404576],[36.537201,2.408825],[36.530758,2.431477],[36.522705,2.448371],[36.524616,2.465378],[36.527641,2.474387],[36.525513,2.484435],[36.52652,2.493751],[36.529266,2.500156],[36.527863,2.507983],[36.528469,2.522221],[36.522835,2.526706],[36.522282,2.53331],[36.512978,2.560694],[36.492325,2.575029],[36.473045,2.600511],[36.470921,2.609416],[36.462273,2.609302],[36.451767,2.612199],[36.441418,2.624872],[36.440411,2.629411],[36.436764,2.633548],[36.436447,2.642712],[36.433289,2.65179],[36.434753,2.669918],[36.432396,2.677904],[36.435261,2.687601],[36.44516,2.701802],[36.445877,2.705154],[36.430771,2.714045],[36.427055,2.719667],[36.419838,2.735918],[36.420124,2.745481],[36.417542,2.761991],[36.411823,2.768856],[36.410046,2.774381],[36.394539,2.799743],[36.386429,2.817157],[36.385231,2.826656],[36.38002,2.836817],[36.365685,2.850984],[36.358772,2.860773],[36.344574,2.862792],[36.31905,2.874763],[36.298317,2.887051],[36.28981,2.887621],[36.281635,2.891208],[36.268963,2.907795],[36.26548,2.923257],[36.260571,2.933742],[36.256935,2.960477],[36.253704,2.965161],[36.253593,2.954451],[36.252026,2.951883],[36.246578,2.949123],[36.233788,2.956907],[36.230152,2.956438],[36.224159,2.95857],[36.223907,2.955531],[36.222206,2.954871],[36.216663,2.958667],[36.201122,2.961688],[36.191334,2.968344],[36.178749,2.966163],[36.170349,2.968392],[36.163727,2.966696],[36.152126,2.969006],[36.138397,2.969345],[36.133644,2.966979],[36.132679,2.968554],[36.136734,2.979167],[36.13205,2.977519],[36.129044,2.973965],[36.129333,2.980766],[36.123825,2.979781],[36.124054,2.987341],[36.12764,3.002784],[36.132599,3.011314],[36.136909,3.014625],[36.137379,3.029552],[36.141323,3.037009],[36.142841,3.056047],[36.142033,3.060773],[36.139717,3.063767],[36.1413,3.07298],[36.142975,3.074678],[36.148815,3.075765],[36.153233,3.085838],[36.153412,3.091452],[36.150513,3.095957],[36.152935,3.115856],[36.152416,3.131589],[36.147865,3.143497],[36.143524,3.148871],[36.144035,3.14617],[36.141823,3.148409],[36.140804,3.153751],[36.152576,3.189881],[36.154377,3.211206],[36.153549,3.21691],[36.151577,3.221393],[36.147663,3.224041],[36.142254,3.216141],[36.144741,3.2127],[36.143406,3.210142],[36.140804,3.209281],[36.131702,3.211115],[36.122852,3.21399],[36.113297,3.221347],[36.103519,3.221325],[36.088146,3.226237],[36.074951,3.227256],[36.052086,3.240567],[36.047611,4.446621],[36.037285,4.44974],[36.02882,4.461332],[36.013786,4.475266],[35.964592,4.527251],[35.958019,4.531317],[35.9534,4.54034],[35.943947,4.548029],[35.938854,4.584363],[35.944115,4.619188],[35.949068,4.631103],[35.863045,4.723614],[35.812422,4.781597],[35.811844,5.095733],[35.827548,5.116279],[35.833929,5.122219],[35.838901,5.124166],[35.84465,5.13588],[35.858505,5.153082],[35.86288,5.16561],[35.86378,5.1755],[35.85937,5.18832],[35.83799,5.21546],[35.82922,5.23384],[35.8294,5.25132],[35.83214,5.25892],[35.84473,5.27689],[35.85137,5.28358],[35.86077,5.28797],[35.86419,5.30339],[35.86209,5.3136],[35.8582,5.32135],[35.85698,5.31922],[35.85214,5.32375],[35.84301,5.32551],[35.83938,5.3302],[35.83818,5.33537],[35.83177,5.33743],[35.82136,5.33598],[35.81741,5.34264],[35.81295,5.34503],[35.8028,5.34688],[35.7959,5.34536],[35.79367,5.34733],[35.78977,5.34724],[35.78049,5.356],[35.7775,5.35539],[35.77419,5.35742],[35.77118,5.35496],[35.7738,5.35146],[35.7736,5.34709],[35.77176,5.34755],[35.76164,5.35327],[35.75703,5.35786],[35.75609,5.36752],[35.75394,5.37074],[35.74897,5.3698],[35.74414,5.37324],[35.73793,5.37437],[35.73472,5.37229],[35.73151,5.37298],[35.72897,5.37596],[35.72553,5.37503],[35.71883,5.38973],[35.71704,5.38951],[35.71622,5.39133],[35.71069,5.38934],[35.70795,5.39114],[35.70409,5.38995],[35.70021,5.39338],[35.69018,5.38928],[35.68906,5.38623],[35.68676,5.38589],[35.68536,5.38982],[35.68335,5.38972],[35.6823,5.38782],[35.68094,5.39019],[35.6716,5.38563],[35.66616,5.38797],[35.6596,5.38604],[35.65651,5.3871],[35.6534,5.39329],[35.64091,5.39001],[35.63893,5.38644],[35.63232,5.38596],[35.62706,5.38287],[35.62196,5.38463],[35.61994,5.38325],[35.61783,5.38453],[35.61694,5.388],[35.61824,5.39169],[35.61564,5.4029],[35.6109,5.4054],[35.60945,5.40385],[35.60514,5.40411],[35.60551,5.40006],[35.604,5.3988],[35.5982,5.39991],[35.592,5.41033],[35.58645,5.41367],[35.586871,5.417548],[35.584653,5.419388],[35.57865,5.415984],[35.573528,5.416876],[35.567271,5.412113],[35.561454,5.412598],[35.556815,5.415316],[35.556495,5.412621],[35.548096,5.41794],[35.547429,5.416084],[35.545098,5.416471],[35.542702,5.421383],[35.537227,5.423603],[35.536359,5.421861],[35.531182,5.421007],[35.529964,5.422607],[35.528345,5.420614],[35.526097,5.421975],[35.522553,5.418203],[35.518151,5.418927],[35.509363,5.424158],[35.503785,5.423752],[35.50447,5.420774],[35.496,5.417349],[35.490263,5.419468],[35.485647,5.415833],[35.479891,5.414291],[35.478354,5.411401],[35.473822,5.412719],[35.467795,5.404623],[35.451785,5.389984],[35.451056,5.393545],[35.4481,5.392976],[35.442496,5.384332],[35.431942,5.378986],[35.429637,5.37533],[35.416106,5.369942],[35.41045,5.364891],[35.401476,5.361751],[35.39688,5.361746],[35.394417,5.363625],[35.390602,5.361888],[35.389839,5.358101],[35.378272,5.359898],[35.36117,5.350971],[35.338624,5.345433],[35.321857,5.336955],[35.315122,5.335216],[35.316854,5.342953],[35.307845,5.350455],[35.302231,5.350352],[35.299167,5.354365],[35.194614,5.276679],[34.382477,4.639685],[33.98776,4.23408],[34.04737,4.17916],[34.06569,4.14401],[34.04953,4.12112],[34.06314,4.0942],[34.07975,4.08546],[34.09162,4.06128],[34.09136,4.04908],[34.08762,4.03663],[34.05884,4.02769],[34.06005,4.00951],[34.08212,4.00226],[34.10569,3.97664],[34.13464,3.96135],[34.11993,3.90084],[34.11632,3.89745],[34.09144,3.88524],[34.08843,3.86127],[34.09266,3.85989],[34.10942,3.86842],[34.12781,3.87214],[34.15259,3.8688],[34.16691,3.86988],[34.1707,3.87659],[34.17499,3.87969],[34.20457,3.8821],[34.21557,3.88086],[34.22506,3.85212],[34.22601,3.83101],[34.18006,3.83156],[34.1639,3.81047],[34.15828,3.80753],[34.15317,3.80697],[34.15376,3.79994],[34.15907,3.8014],[34.16353,3.79783],[34.17057,3.80025],[34.18865,3.79513],[34.18823,3.79024],[34.19015,3.78283],[34.16607,3.77352],[34.17088,3.7677],[34.18579,3.7709],[34.22034,3.78419],[34.22602,3.78255],[34.22682,3.77412],[34.22898,3.77412],[34.23318,3.78077],[34.24558,3.78389],[34.25796,3.76652],[34.26645,3.74824],[34.2833,3.73076],[34.29748,3.72111],[34.30793,3.71139],[34.31587,3.71623],[34.32345,3.72817],[34.33102,3.73304],[34.36507,3.73516],[34.38235,3.72753],[34.39423,3.71774],[34.40285,3.70524],[34.40491,3.69274],[34.42204,3.68857],[34.4558,3.6763],[34.46322,3.6695],[34.45312,3.61115],[34.45668,3.57547],[34.4515,3.51713],[34.43966,3.50425],[34.42477,3.49171],[34.39606,3.48802],[34.391,3.49279],[34.38897,3.49177],[34.39098,3.48294],[34.4038,3.47002],[34.41661,3.45066],[34.41928,3.43334],[34.4098,3.41809],[34.40169,3.41504],[34.40062,3.37058],[34.42996,3.34271],[34.43801,3.3074],[34.44743,3.28295],[34.45582,3.18199],[34.46045,3.17432],[34.47057,3.17261],[34.48204,3.16513],[34.48878,3.15528],[34.49484,3.14135],[34.51207,3.1488],[34.54582,3.13653],[34.55894,3.11037],[34.56261,3.1075],[34.5723,3.0914],[34.57485,3.06888],[34.57274,3.05007],[34.57573,3.0352],[34.57657,3.02049],[34.58396,3.011118],[34.58738,3.00381],[34.58878,2.98211],[34.59904,2.92468],[34.63929,2.90673],[34.6529,2.86756],[34.66847,2.86313],[34.68497,2.86404],[34.69238,2.86287],[34.70175,2.87768],[34.70835,2.87344],[34.71171,2.86526],[34.73635,2.85498],[34.749325,2.825782],[34.75194,2.82583],[34.75501,2.8284],[34.76215,2.82094],[34.76699,2.81117],[34.76723,2.80244],[34.77538,2.78779],[34.77816,2.77033],[34.7835,2.75517],[34.78413,2.74852],[34.77541,2.69788],[34.79042,2.68338],[34.79919,2.65583],[34.83161,2.62088],[34.83854,2.60421],[34.85218,2.58358],[34.86825,2.57059],[34.87835,2.5724],[34.88053,2.58942],[34.89386,2.59286],[34.89731,2.58801],[34.90516,2.54725],[34.913,2.51658],[34.93318,2.51568],[34.93678,2.4999],[34.94854,2.4722],[34.95441,2.47241],[34.95344,2.47104],[34.95498,2.46852],[34.95255,2.46119],[34.9539,2.45785],[34.94613,2.45394],[34.94479,2.45514],[34.94212,2.45289],[34.9437,2.44918],[34.93987,2.45002],[34.94039,2.44804],[34.93661,2.44369],[34.93752,2.44043],[34.93579,2.43803],[34.93147,2.43899],[34.93236,2.43092],[34.92986,2.4288],[34.92557,2.42867],[34.92606,2.42715],[34.92223,2.42666],[34.91889,2.42418],[34.91664,2.42468],[34.9171,2.40993],[34.91435,2.40294],[34.91513,2.39648],[34.91973,2.39351],[34.91779,2.39012],[34.919075,2.381196],[34.947883,2.19931],[34.9799,2.052736],[34.98455,1.98517],[34.99994,1.96279],[35.00011,1.75705],[34.99124,1.66436],[34.95988,1.603218],[34.9433,1.57638],[34.9253,1.563738],[34.9066,1.55303],[34.89023,1.55525],[34.86408,1.52834],[34.84454,1.45764],[34.84171,1.45447],[34.83107,1.45178],[34.8269,1.4479],[34.8167,1.43086],[34.801433,1.423675],[34.79385,1.41358],[34.803187,1.396528],[34.806391,1.383392],[34.78671,1.36632],[34.82907,1.30973],[34.83007,1.30363],[34.82822,1.29661],[34.82838,1.28651],[34.829,1.27489],[34.83148,1.27103],[34.82484,1.26452],[34.81985,1.26289],[34.81777,1.25564],[34.81839,1.25059],[34.81331,1.24842],[34.81068,1.24282],[34.81142,1.24076],[34.80518,1.23062],[34.79518,1.22312],[34.7865,1.2228],[34.78257,1.22486],[34.77871,1.22222],[34.77519,1.22372],[34.76937,1.21942],[34.75725,1.22265],[34.74999,1.21967],[34.74267,1.22084],[34.73985,1.21918],[34.72043,1.21774],[34.71043,1.21512],[34.70072,1.21586],[34.69553,1.21331],[34.66957,1.20807],[34.66339,1.19228],[34.65693,1.18787],[34.65503,1.18379],[34.64882,1.1791],[34.64048,1.17577],[34.63606,1.1717],[34.62061,1.16757],[34.6094,1.1582],[34.58078,1.1508],[34.61396,1.108393],[34.632767,1.094307],[34.643314,1.090861],[34.65287,1.085094],[34.663906,1.083847],[34.653538,1.058371],[34.659641,1.052696],[34.691097,1.004179],[34.693653,0.99779],[34.738586,0.937281],[34.767769,0.920259],[34.776882,0.923685],[34.784561,0.923345],[34.797962,0.910025],[34.799171,0.903678],[34.791492,0.898472],[34.790813,0.895373],[34.787361,0.892628],[34.78558,0.888645],[34.789402,0.884174],[34.789047,0.880857],[34.795517,0.865852],[34.79488,0.858064],[34.796822,0.852234],[34.800915,0.845424],[34.804146,0.843984],[34.808006,0.826831],[34.811363,0.820049],[34.808323,0.804289],[34.868862,0.825641],[34.911991,0.846576],[34.91795,0.847873],[34.927097,0.854358],[34.932148,0.852522],[34.941593,0.869866],[34.947586,0.869475],[34.958397,0.872115],[34.962914,0.875379],[34.964745,0.879289],[34.98555,0.886463],[34.984974,0.881621],[35.017712,0.887544],[35.023716,0.894398],[35.026001,0.894754],[35.030151,0.892411],[35.031269,0.89429],[35.037479,0.896337],[35.038635,0.900608],[35.044868,0.900251],[35.046322,0.897419],[35.0509,0.900715],[35.059811,0.896468],[35.067844,0.895504],[35.071316,0.897598],[35.076447,0.895706],[35.080322,0.893041],[35.07962,0.8867],[35.082844,0.88231],[35.085533,0.881715],[35.086487,0.879407],[35.096684,0.877753],[35.101109,0.873256],[35.104607,0.874517],[35.108852,0.879383],[35.111996,0.879812],[35.111359,0.854587],[35.123955,0.819514],[35.124382,0.826497],[35.129841,0.82916],[35.145393,0.826461],[35.14843,0.752978],[35.14687,0.739438],[35.153912,0.739737],[35.15168,0.695118],[35.152924,0.673759],[35.149326,0.666346],[35.154053,0.662338],[35.153831,0.6609],[35.150826,0.660939],[35.149551,0.658921],[35.140194,0.660815],[35.140194,0.659482],[35.132267,0.654295],[35.122089,0.652801],[35.119091,0.64866],[35.116867,0.649022],[35.115639,0.642046],[35.113258,0.642483],[35.112457,0.640618],[35.105103,0.646605],[35.102951,0.646795],[35.095528,0.636687],[35.090919,0.635088],[35.085239,0.629463],[35.07378,0.630415],[35.069801,0.628682],[35.06739,0.631585],[35.063538,0.63287],[35.05616,0.629625],[35.052662,0.629952],[35.053452,0.63703],[35.047611,0.638655],[35.042755,0.642124],[35.037224,0.641452],[35.038845,0.630767],[35.034286,0.627656],[35.034134,0.622935],[35.030697,0.616282],[35.027042,0.613827],[34.997829,0.635907],[34.994335,0.629802],[34.988625,0.62944],[34.976555,0.624453],[34.971848,0.620215],[34.971615,0.616874],[34.968304,0.615099],[34.9645,0.609523],[34.961094,0.608056],[34.956013,0.608967],[34.951019,0.606529],[34.943951,0.606896],[34.934353,0.602196],[34.920029,0.591424],[34.913448,0.591684],[34.904724,0.596124],[34.896816,0.603747],[34.888885,0.605554],[34.896034,0.599154],[34.850304,0.54573],[34.870216,0.530166],[34.873108,0.524926],[34.885883,0.520453],[34.906265,0.502557],[34.906467,0.49286],[34.923309,0.474896],[34.956039,0.415017],[34.954033,0.366773],[34.947056,0.354218],[34.935287,0.357144],[34.941154,0.324397],[34.944096,0.315535],[34.949696,0.300105],[34.975788,0.247302],[34.977219,0.24043],[34.955151,0.241048],[34.941463,0.207024],[34.927864,0.207297],[34.915943,0.171753],[34.920383,0.166015],[34.915009,0.155122],[34.910767,0.152905],[34.903645,0.152804],[34.884205,0.143362],[34.881882,0.136928],[34.87381,0.133787],[34.865437,0.124288],[34.85907,0.120752],[34.85667,0.108131],[34.858253,0.103659],[34.85733,0.089583],[34.859306,0.083751],[34.857555,0.080936],[34.854279,0.079836],[34.852116,0.073223],[34.848236,0.069083],[34.846638,0.064079],[34.849098,0.060389],[34.838856,0.04643],[34.837505,0.036281],[34.825924,0.034424],[34.822128,0.036305],[34.810429,0.036855],[34.801033,0.025786],[34.789631,0.018647],[34.786549,0.013089],[34.78056,0.011157],[34.778172,0.006255],[34.766857,0.002572],[34.765324,-0.001721],[34.762413,-0.003561],[34.760715,-0.001902],[34.759525,0.007937],[34.756218,0.009685],[34.74374,0.008017],[34.740154,0.00509],[34.739101,0.000471],[34.739483,-0.003381],[34.744728,-0.0115],[34.746628,-0.023871],[34.750568,-0.033053],[34.754612,-0.033421],[34.757195,-0.026348],[34.760414,-0.023383],[34.76305,-0.017566],[34.767948,-0.018629],[34.774391,-0.017142],[34.780975,-0.021394],[34.782433,-0.015246],[34.78727,-0.007096],[34.803448,0.010103],[34.80962,0.010977],[34.818691,0.021943],[34.830669,0.023905],[34.811951,-0.004028],[34.803692,-0.012852],[34.803421,-0.017748],[34.809048,-0.022839],[34.82666,-0.028452],[34.879978,-0.027387],[34.89159,-0.025645],[34.906105,-0.029322],[34.9212,-0.026806],[34.919846,-0.033387],[34.923717,-0.036677],[34.934166,-0.035903],[34.955166,-0.030967],[34.952843,-0.026903],[34.957874,-0.026516],[34.964649,-0.032322],[34.978775,-0.024581],[34.989807,-0.024774],[34.989422,-0.02013],[35.00684,-0.029613],[35.032578,-0.035225],[35.049995,-0.035612],[35.065613,-0.068771],[35.070038,-0.06435],[35.069759,-0.060902],[35.071884,-0.057161],[35.079258,-0.052755],[35.080666,-0.053345],[35.082191,-0.050242],[35.085606,-0.050404],[35.09127,-0.045178],[35.094898,-0.031768],[35.101379,-0.026695],[35.102215,-0.024334],[35.100494,-0.016539],[35.101967,-0.013712],[35.100292,-0.012018],[35.101341,-0.006536],[35.1003,-0.003722],[35.152439,-0.036573],[35.151844,-0.039246],[35.155006,-0.036839],[35.157928,-0.037115],[35.161457,-0.031243],[35.166073,-0.032581],[35.177101,-0.028472],[35.178547,-0.030383],[35.181236,-0.028539],[35.183235,-0.030195],[35.185322,-0.028834],[35.187393,-0.029946],[35.193741,-0.026377],[35.194996,-0.027987],[35.19912,-0.027292],[35.202789,-0.030533],[35.206108,-0.029177],[35.209942,-0.033336],[35.2122,-0.032601],[35.215187,-0.034126],[35.216919,-0.037648],[35.220917,-0.037276],[35.226482,-0.067726],[35.226482,-0.106569],[35.236477,-0.119591],[35.253315,-0.120542],[35.270317,-0.152595],[35.277367,-0.144802],[35.284561,-0.157059],[35.280533,-0.161367],[35.280273,-0.165962],[35.289402,-0.16513],[35.295738,-0.176043],[35.330318,-0.176251],[35.330433,-0.192185],[35.342213,-0.236476],[35.339676,-0.240176],[35.313313,-0.248818],[35.304573,-0.24029],[35.300484,-0.240366],[35.298321,-0.23832],[35.284824,-0.235883],[35.270645,-0.237882],[35.263248,-0.232638],[35.261765,-0.233627],[35.25927,-0.229497],[35.261166,-0.223853],[35.256149,-0.221749],[35.249771,-0.214973],[35.249706,-0.213078],[35.247631,-0.213136],[35.246754,-0.209633],[35.248295,-0.207844],[35.244785,-0.201762],[35.243279,-0.204217],[35.239635,-0.199773],[35.23653,-0.201048],[35.23518,-0.196213],[35.231838,-0.193938],[35.227043,-0.196375],[35.218658,-0.19429],[35.219894,-0.192139],[35.217602,-0.187961],[35.218761,-0.185753],[35.217667,-0.181079],[35.215324,-0.179861],[35.215145,-0.175074],[35.203789,-0.168992],[35.203545,-0.165813],[35.201164,-0.166346],[35.197262,-0.162881],[35.191101,-0.163418],[35.186302,-0.160054],[35.184292,-0.160423],[35.185974,-0.162515],[35.183369,-0.166126],[35.172928,-0.162843],[35.166382,-0.165551],[35.166176,-0.163377],[35.163265,-0.162802],[35.160599,-0.165264],[35.154957,-0.166331],[35.138916,-0.160956],[35.139202,-0.163336],[35.137768,-0.1635],[35.132679,-0.155869],[35.130299,-0.155295],[35.130589,-0.157715],[35.128338,-0.156102],[35.121304,-0.171989],[35.103901,-0.201678],[35.07246,-0.208747],[35.070877,-0.212618],[35.063507,-0.215715],[35.057919,-0.234497],[35.056572,-0.258093],[35.052559,-0.279042],[35.052479,-0.294417],[35.031952,-0.312135],[35.023148,-0.323531],[35.012043,-0.332104],[35.008247,-0.338712],[35.007378,-0.35825],[35.009346,-0.363353],[35.009064,-0.369515],[35.012894,-0.378921],[35.012333,-0.391419],[35.017616,-0.39627],[35.017105,-0.399609],[35.021404,-0.40518],[35.019802,-0.412904],[35.025795,-0.413778],[35.029804,-0.418966],[35.032131,-0.419477],[35.03825,-0.43076],[35.038338,-0.437401],[35.044846,-0.446823],[35.043911,-0.45108],[35.045048,-0.454599],[35.04195,-0.455132],[35.040245,-0.479322],[35.038754,-0.483924],[35.033527,-0.484635],[35.032833,-0.49717],[35.04245,-0.499632],[35.046505,-0.499556],[35.049847,-0.4973],[35.056023,-0.507475],[35.05265,-0.511805],[35.051773,-0.518308],[35.047707,-0.522088],[35.047707,-0.524501],[35.050869,-0.52702],[35.052414,-0.534052],[35.048687,-0.536503],[35.05183,-0.542629],[35.049591,-0.546198],[35.050766,-0.552485],[35.049221,-0.555708],[35.050018,-0.565057],[35.047092,-0.570718],[35.049282,-0.571507],[35.050758,-0.582283],[35.061958,-0.604853],[35.060883,-0.610875],[35.05809,-0.613858],[35.056591,-0.618957],[35.061169,-0.623363],[35.062767,-0.632522],[35.058208,-0.636543],[35.054783,-0.645182],[35.056034,-0.649608],[35.054935,-0.657997],[35.05761,-0.665867],[35.062614,-0.670908],[35.062092,-0.675872],[35.064789,-0.677912],[35.071533,-0.692212],[35.068733,-0.695094],[35.056477,-0.697499],[35.049088,-0.702406],[35.047573,-0.706252],[35.091137,-0.800501],[35.044312,-0.852585],[35.031609,-0.844559],[35.02121,-0.846809],[35.025337,-0.861042],[35.025543,-0.873419],[35.023861,-0.874128],[35.020386,-0.869087],[35.018116,-0.870943],[35.011837,-0.880541],[35.013371,-0.884454],[35.01297,-0.889335]]],[[[35.833805,5.121911],[35.833929,5.122219],[35.833141,5.121435],[35.833805,5.121911]]]]},"properties":{"REGION":"Rift Valley Region","county_count":13,"counties":"Nakuru, Narok, Kericho, Bomet, Baringo, Laikipia, Samburu, Turkana, West Pokot, Trans Nzoia, Uasin Gishu, Elgeyo-Marakwet, Nandi","RegionalHQ":"Nakuru","Colour":"#f5848f"},"bbox":[33.98776,-2.104406,38.080925,5.424158]},{"type":"Feature","geometry":{"type":"Polygon","coordinates":[[[34.91621,0.171351],[34.927864,0.207297],[34.941463,0.207024],[34.955151,0.241048],[34.977219,0.24043],[34.975788,0.247302],[34.949696,0.300105],[34.944096,0.315535],[34.941154,0.324397],[34.935287,0.357144],[34.947056,0.354218],[34.954033,0.366773],[34.956039,0.415017],[34.923309,0.474896],[34.906467,0.49286],[34.906265,0.502557],[34.885883,0.520453],[34.873108,0.524926],[34.870216,0.530166],[34.850304,0.54573],[34.896034,0.599154],[34.888885,0.605554],[34.896816,0.603747],[34.904724,0.596124],[34.913448,0.591684],[34.920029,0.591424],[34.934353,0.602196],[34.943951,0.606896],[34.951019,0.606529],[34.956013,0.608967],[34.961094,0.608056],[34.9645,0.609523],[34.968304,0.615099],[34.971615,0.616874],[34.971848,0.620215],[34.976555,0.624453],[34.988625,0.62944],[34.994335,0.629802],[34.997829,0.635907],[35.027042,0.613827],[35.030697,0.616282],[35.034134,0.622935],[35.034286,0.627656],[35.038845,0.630767],[35.037224,0.641452],[35.042755,0.642124],[35.047611,0.638655],[35.053452,0.63703],[35.052662,0.629952],[35.05616,0.629625],[35.063538,0.63287],[35.06739,0.631585],[35.069801,0.628682],[35.07378,0.630415],[35.085239,0.629463],[35.090919,0.635088],[35.095528,0.636687],[35.102951,0.646795],[35.105103,0.646605],[35.112457,0.640618],[35.113258,0.642483],[35.115639,0.642046],[35.116867,0.649022],[35.119091,0.64866],[35.122089,0.652801],[35.132267,0.654295],[35.140194,0.659482],[35.140194,0.660815],[35.149551,0.658921],[35.150826,0.660939],[35.153831,0.6609],[35.154053,0.662338],[35.149326,0.666346],[35.152924,0.673759],[35.15168,0.695118],[35.153912,0.739737],[35.14687,0.739438],[35.14843,0.752978],[35.145393,0.826461],[35.129841,0.82916],[35.124382,0.826497],[35.123955,0.819514],[35.111359,0.854587],[35.111996,0.879812],[35.108852,0.879383],[35.104607,0.874517],[35.101109,0.873256],[35.096684,0.877753],[35.086487,0.879407],[35.085533,0.881715],[35.082844,0.88231],[35.07962,0.8867],[35.080322,0.893041],[35.076447,0.895706],[35.071316,0.897598],[35.067844,0.895504],[35.059811,0.896468],[35.0509,0.900715],[35.046322,0.897419],[35.044868,0.900251],[35.038635,0.900608],[35.037479,0.896337],[35.031269,0.89429],[35.030151,0.892411],[35.026001,0.894754],[35.023716,0.894398],[35.017712,0.887544],[34.984974,0.881621],[34.98555,0.886463],[34.964745,0.879289],[34.962914,0.875379],[34.958397,0.872115],[34.947586,0.869475],[34.941593,0.869866],[34.932148,0.852522],[34.927097,0.854358],[34.91795,0.847873],[34.911991,0.846576],[34.868862,0.825641],[34.808323,0.804289],[34.811363,0.820049],[34.808006,0.826831],[34.804146,0.843984],[34.800915,0.845424],[34.796822,0.852234],[34.79488,0.858064],[34.795517,0.865852],[34.789047,0.880857],[34.789402,0.884174],[34.78558,0.888645],[34.787361,0.892628],[34.790813,0.895373],[34.791492,0.898472],[34.799171,0.903678],[34.797962,0.910025],[34.784561,0.923345],[34.776882,0.923685],[34.767769,0.920259],[34.738586,0.937281],[34.693653,0.99779],[34.691097,1.004179],[34.659641,1.052696],[34.653538,1.058371],[34.663906,1.083847],[34.65287,1.085094],[34.643314,1.090861],[34.632767,1.094307],[34.61396,1.108393],[34.58078,1.1508],[34.57896,1.1497],[34.57445,1.10216],[34.52651,1.10696],[34.52622,1.10414],[34.5223,1.10232],[34.52022,1.09904],[34.51754,1.0888],[34.51366,1.0815],[34.50251,1.07055],[34.49899,1.06177],[34.49971,1.0577],[34.49702,1.05421],[34.49232,1.0386],[34.48698,1.00053],[34.48855,0.99818],[34.48798,0.98933],[34.48933,0.98279],[34.48272,0.96104],[34.47915,0.93752],[34.46425,0.91166],[34.45863,0.90794],[34.4563,0.90351],[34.45048,0.9003],[34.45169,0.89105],[34.44683,0.87918],[34.44614,0.86342],[34.43986,0.85648],[34.42984,0.85475],[34.42056,0.85],[34.42066,0.84578],[34.41712,0.84217],[34.41415,0.84227],[34.41362,0.83686],[34.41526,0.83507],[34.408634,0.832113],[34.40812,0.82999],[34.40555,0.82859],[34.40823,0.82768],[34.40943,0.82233],[34.41342,0.82013],[34.41323,0.81805],[34.410404,0.815894],[34.41402,0.81194],[34.41331,0.81029],[34.39489,0.80237],[34.39449,0.80483],[34.39136,0.80348],[34.3911,0.8058],[34.38502,0.80355],[34.38307,0.79286],[34.38074,0.79253],[34.37875,0.79791],[34.37652,0.79642],[34.37404,0.79122],[34.3718,0.79056],[34.37239,0.78602],[34.36713,0.78117],[34.36426,0.78179],[34.36107,0.77684],[34.35882,0.7785],[34.35405,0.77617],[34.35405,0.77397],[34.34531,0.77463],[34.34188,0.77135],[34.33692,0.77135],[34.33737,0.7703],[34.33437,0.76834],[34.32758,0.76894],[34.32175,0.76785],[34.32211,0.76622],[34.31852,0.76744],[34.31761,0.76485],[34.31411,0.76402],[34.31454,0.76057],[34.31246,0.75893],[34.30817,0.76396],[34.30432,0.76533],[34.29829,0.76096],[34.29705,0.75777],[34.30366,0.75502],[34.30498,0.74992],[34.31096,0.74877],[34.30719,0.73191],[34.30912,0.7285],[34.30704,0.72321],[34.30827,0.71649],[34.30986,0.71558],[34.30912,0.70824],[34.31358,0.70069],[34.31197,0.69688],[34.30751,0.69769],[34.30291,0.69353],[34.30025,0.69255],[34.29804,0.69363],[34.297,0.69049],[34.29422,0.69091],[34.29531,0.68736],[34.29346,0.68867],[34.29323,0.68687],[34.28809,0.68542],[34.28894,0.68439],[34.28676,0.68289],[34.28385,0.68322],[34.28333,0.68472],[34.27779,0.68154],[34.27745,0.67298],[34.28072,0.66679],[34.27956,0.66695],[34.27951,0.66418],[34.27766,0.6638],[34.27938,0.65905],[34.27614,0.65839],[34.27855,0.65649],[34.27743,0.65439],[34.27892,0.65158],[34.27682,0.64288],[34.27308,0.64286],[34.27265,0.64158],[34.27176,0.64352],[34.27016,0.64252],[34.27133,0.64022],[34.26927,0.64223],[34.26699,0.63947],[34.26088,0.63961],[34.26051,0.6378],[34.25723,0.63684],[34.25713,0.63531],[34.251,0.63143],[34.24758,0.63156],[34.24051,0.63566],[34.23974,0.63132],[34.23547,0.62952],[34.23545,0.62821],[34.23312,0.63029],[34.22887,0.62798],[34.22424,0.63214],[34.22012,0.63276],[34.21674,0.62983],[34.21583,0.6247],[34.21481,0.62611],[34.21132,0.62524],[34.20711,0.62857],[34.20549,0.62798],[34.2053,0.62483],[34.20285,0.62467],[34.19962,0.62862],[34.19524,0.62431],[34.19628,0.62125],[34.19388,0.62046],[34.19142,0.62284],[34.1915,0.61851],[34.1895,0.61857],[34.19095,0.61584],[34.1889,0.6163],[34.1888,0.61393],[34.18686,0.6147],[34.18393,0.61244],[34.18662,0.60949],[34.18569,0.60667],[34.18462,0.60766],[34.18253,0.60654],[34.18227,0.60788],[34.17748,0.60917],[34.17559,0.60659],[34.1745,0.60806],[34.17321,0.60366],[34.17178,0.60526],[34.17161,0.60402],[34.17002,0.60447],[34.17063,0.60234],[34.16569,0.60257],[34.16502,0.5997],[34.16381,0.60026],[34.16276,0.59811],[34.1617,0.59945],[34.15934,0.59673],[34.1601,0.59561],[34.15301,0.59116],[34.15287,0.5873],[34.1485,0.58822],[34.14655,0.58493],[34.14444,0.58603],[34.14396,0.58348],[34.14251,0.58422],[34.14203,0.58305],[34.1376,0.58562],[34.12745,0.55849],[34.1264,0.54001],[34.11606,0.52306],[34.1204,0.52161],[34.123,0.5172],[34.11784,0.51119],[34.11893,0.49654],[34.11753,0.49293],[34.11948,0.48336],[34.11179,0.47838],[34.10367,0.47045],[34.0988,0.46813],[34.08825,0.4566],[34.09158,0.44247],[34.08945,0.43869],[34.09,0.4269],[34.10037,0.41386],[34.1086,0.38088],[34.1079,0.36939],[34.10268,0.36402],[34.09742,0.35458],[34.09896,0.34976],[34.09401,0.34622],[34.09147,0.34639],[34.09138,0.3445],[34.09031,0.34501],[34.08935,0.34248],[34.08505,0.33969],[34.084,0.33648],[34.08086,0.33689],[34.08191,0.33558],[34.08019,0.33552],[34.08097,0.33146],[34.0784,0.33178],[34.0751,0.32897],[34.07433,0.32994],[34.07465,0.32833],[34.07333,0.32837],[34.07185,0.32512],[34.06471,0.32602],[34.05997,0.32365],[34.05824,0.32514],[34.05626,0.32378],[34.05794,0.32122],[34.05825,0.31525],[34.06042,0.31341],[34.05395,0.30902],[34.05046,0.30865],[34.0514,0.30634],[34.04834,0.30345],[34.05002,0.29667],[34.04795,0.29355],[34.04231,0.29245],[34.04282,0.28825],[34.04007,0.28611],[34.03986,0.28119],[34.0421,0.27824],[34.041,0.27657],[34.03811,0.2756],[34.03776,0.27269],[34.02909,0.26916],[34.02771,0.27054],[34.02489,0.26832],[34.02189,0.26129],[34.0221,0.25547],[34.01583,0.25165],[34.00746,0.24351],[33.99689,0.22615],[33.9104,0.10685],[33.9101,0.10149],[33.91273,0.09964],[33.91796,0.08173],[33.920738,0.065053],[33.935741,0.018499],[33.937557,0],[33.944485,-0.026645],[34.011101,-0.025908],[34.019398,-0.026972],[34.030155,-0.01737],[34.042133,-0.000138],[34.065998,0.090508],[34.07375,0.104808],[34.071835,0.119647],[34.08445,0.122743],[34.087154,0.126424],[34.08947,0.125913],[34.090145,0.123468],[34.091393,0.124112],[34.093746,0.130664],[34.099949,0.135845],[34.105133,0.135736],[34.102406,0.129241],[34.103168,0.125476],[34.109116,0.131861],[34.114208,0.145162],[34.112076,0.176076],[34.105499,0.186898],[34.110771,0.200128],[34.109455,0.20598],[34.112541,0.209531],[34.116077,0.220085],[34.116085,0.241979],[34.131832,0.251321],[34.138638,0.258285],[34.157761,0.289679],[34.15876,0.30052],[34.175789,0.294739],[34.179188,0.289],[34.184586,0.285874],[34.18853,0.275804],[34.203224,0.2676],[34.20507,0.264193],[34.204483,0.260062],[34.206863,0.262841],[34.206184,0.269818],[34.207661,0.279612],[34.206234,0.283305],[34.207645,0.288327],[34.237377,0.289652],[34.249916,0.313378],[34.256897,0.315074],[34.263565,0.315219],[34.285164,0.309818],[34.286953,0.307322],[34.299839,0.310742],[34.315048,0.309237],[34.334675,0.311216],[34.356586,0.305792],[34.361912,0.297785],[34.366486,0.300369],[34.370659,0.306559],[34.391624,0.287777],[34.396915,0.285389],[34.397263,0.282418],[34.389534,0.275416],[34.391796,0.270225],[34.401375,0.26187],[34.398731,0.253818],[34.398998,0.238169],[34.398098,0.234077],[34.390057,0.233262],[34.383804,0.229265],[34.390224,0.216003],[34.39175,0.20725],[34.388496,0.192477],[34.384659,0.183485],[34.385094,0.180597],[34.387966,0.180125],[34.400848,0.186098],[34.407738,0.19201],[34.412025,0.199744],[34.4207,0.204265],[34.428486,0.212831],[34.444817,0.218601],[34.451408,0.206835],[34.446976,0.20386],[34.436275,0.202159],[34.42593,0.186859],[34.42947,0.183147],[34.430607,0.177974],[34.441734,0.168022],[34.434708,0.156779],[34.424927,0.152555],[34.430038,0.147761],[34.436527,0.146095],[34.442715,0.147772],[34.450924,0.152995],[34.461132,0.154709],[34.467075,0.157683],[34.476486,0.155898],[34.481903,0.151627],[34.481594,0.147754],[34.484009,0.140478],[34.481724,0.138357],[34.476471,0.136464],[34.471573,0.131175],[34.456726,0.130688],[34.459053,0.123085],[34.463554,0.123097],[34.473454,0.11948],[34.48008,0.115281],[34.478508,0.113008],[34.473866,0.112758],[34.473568,0.102598],[34.479439,0.105656],[34.487743,0.104642],[34.493164,0.102199],[34.495441,0.104382],[34.495113,0.111164],[34.503288,0.115762],[34.495579,0.121846],[34.502499,0.128488],[34.504913,0.124494],[34.503616,0.122264],[34.508492,0.11827],[34.51165,0.121568],[34.513824,0.130498],[34.524742,0.124269],[34.530109,0.128481],[34.532463,0.133799],[34.541649,0.13857],[34.545837,0.13762],[34.549496,0.13135],[34.555214,0.128269],[34.554363,0.123962],[34.552326,0.122035],[34.553215,0.118097],[34.548153,0.11724],[34.544975,0.113445],[34.556644,0.111506],[34.560753,0.106928],[34.559254,0.101324],[34.555119,0.0993],[34.560349,0.093926],[34.55497,0.08867],[34.56028,0.071648],[34.557865,0.054942],[34.560184,0.046871],[34.556747,0.047934],[34.5541,0.043558],[34.551216,0.018251],[34.542522,0.007617],[34.537292,0.005366],[34.543491,-0.00439],[34.535038,-0.012579],[34.534115,-0.015367],[34.541584,-0.016215],[34.545177,-0.021291],[34.547596,-0.021916],[34.550407,-0.021603],[34.554783,-0.015512],[34.563606,-0.016293],[34.560951,-0.020822],[34.563683,-0.023555],[34.56337,-0.026601],[34.560013,-0.029256],[34.560558,-0.034019],[34.564934,-0.04011],[34.570633,-0.03605],[34.575787,-0.035893],[34.582504,-0.031208],[34.582737,-0.02418],[34.585705,-0.020979],[34.585625,-0.016293],[34.587818,-0.010586],[34.592083,-0.007321],[34.588898,0.001211],[34.603844,0.012375],[34.608467,0.006059],[34.610626,0.005369],[34.613853,-0.000697],[34.637535,-0.000658],[34.648491,-0.005726],[34.654167,-0.006612],[34.662792,-0.014441],[34.671955,-0.015838],[34.690575,-0.010595],[34.692547,-0.014668],[34.686691,-0.026474],[34.694241,-0.020846],[34.708092,-0.021822],[34.714947,-0.0104],[34.72757,-0.006548],[34.739937,-0.025768],[34.747074,-0.024732],[34.744728,-0.0115],[34.739101,-0.002262],[34.739853,0.004483],[34.742538,0.007248],[34.757389,0.009336],[34.759525,0.007937],[34.760715,-0.001902],[34.762413,-0.003561],[34.765324,-0.001721],[34.766857,0.002572],[34.778172,0.006255],[34.78056,0.011157],[34.786549,0.013089],[34.789631,0.018647],[34.801033,0.025786],[34.810429,0.036855],[34.822128,0.036305],[34.825924,0.034424],[34.837505,0.036281],[34.838856,0.04643],[34.849098,0.060389],[34.846638,0.064079],[34.848236,0.069083],[34.852116,0.073223],[34.854279,0.079836],[34.857555,0.080936],[34.859306,0.083751],[34.85733,0.089583],[34.858253,0.103659],[34.85667,0.108131],[34.85907,0.120752],[34.865437,0.124288],[34.87381,0.133787],[34.881882,0.136928],[34.884205,0.143362],[34.903645,0.152804],[34.914207,0.154379],[34.920383,0.166015],[34.91621,0.171351]]]},"properties":{"REGION":"Western Region","county_count":4,"counties":"Kakamega, Vihiga, Bungoma, Busia","RegionalHQ":"Kakamega","Colour":"#b431d9"},"bbox":[33.9101,-0.04011,35.154053,1.1508]},{"type":"Feature","properties":{},"geometry":{"type":"Point","coordinates":[36.948683,-0.415214]},"bbox":[36.948683,-0.415214,36.948683,-0.415214]},{"type":"Feature","properties":{},"geometry":{"type":"Point","coordinates":[37.526799,-0.511606]},"bbox":[37.526799,-0.511606,37.526799,-0.511606]}]}